station_id,station_name,province,province_std,district,latitude,longitude,timestamp,data_time,data_source,data_quality,temperature_current,temperature_max,temperature_min,temperature_avg,humidity_current,humidity_max,humidity_min,humidity_avg,pressure_current,pressure_max,pressure_min,pressure_avg,wind_speed_current,wind_speed_max,wind_speed_min,wind_speed_avg,wind_direction_current,wind_direction_avg,rain_current,rain_max,rain_min,rain_avg,rain_total,cloud_cover_current,cloud_cover_max,cloud_cover_min,cloud_cover_avg,visibility_current,visibility_max,visibility_min,visibility_avg,thunder_probability,status,_source_file,_file_date,error_reason,_province_std
BL_HH,Huyện Hòa Bình - Bạc Liêu,Bạc Liêu,Bac Lieu,Hòa Bình,9.2833,105.6333,2026-03-20 00:19:41,2026-03-19 01:19:41,statistical,medium,24.4,32.7,23.8,28.6,75.0,85.0,65.0,75.8,1019.0,1019.0,1005.0,1011.3,1.6,5.7,1.3,3.5,274.0,71.1,7.1,7.8,0.2,0.8,17.9,68.0,76.0,43.0,59.4,14.2,14.8,9.6,12.2,15,Mưa,Bao_cao_Bac_Lieu_20260320_001944.csv,20260320,,Bac Lieu
BL_HH,Huyện Hòa Bình - Bạc Liêu,Bạc Liêu,Bac Lieu,Hòa Bình,9.2833,105.6333,2026-03-20 00:19:41,2026-03-19 02:19:41,statistical,medium,26.3,32.7,23.8,28.6,78.0,85.0,65.0,75.8,1005.0,1019.0,1005.0,1011.3,4.4,5.7,1.3,3.5,91.0,71.1,0.0,7.8,0.2,0.8,17.9,69.0,76.0,43.0,59.4,11.7,14.8,9.6,12.2,5,Không mưa,Bao_cao_Bac_Lieu_20260320_001944.csv,20260320,,Bac Lieu
BL_HH,Huyện Hòa Bình - Bạc Liêu,Bạc Liêu,Bac Lieu,Hòa Bình,9.2833,105.6333,2026-03-20 00:19:41,2026-03-19 03:19:41,statistical,medium,26.5,32.7,23.8,28.6,84.0,85.0,65.0,75.8,1005.0,1019.0,1005.0,1011.3,3.4,5.7,1.3,3.5,194.0,71.1,0.0,7.8,0.2,0.8,17.9,67.0,76.0,43.0,59.4,11.8,14.8,9.6,12.2,5,Không mưa,Bao_cao_Bac_Lieu_20260320_001944.csv,20260320,,Bac Lieu
BL_HH,Huyện Hòa Bình - Bạc Liêu,Bạc Liêu,Bac Lieu,Hòa Bình,9.2833,105.6333,2026-03-20 00:19:41,2026-03-19 04:19:41,statistical,medium,24.5,32.7,23.8,28.6,70.0,85.0,65.0,75.8,1007.0,1019.0,1005.0,1011.3,3.8,5.7,1.3,3.5,190.0,71.1,0.0,7.8,0.2,0.8,17.9,59.0,76.0,43.0,59.4,14.6,14.8,9.6,12.2,0,Không mưa,Bao_cao_Bac_Lieu_20260320_001944.csv,20260320,,Bac Lieu
BL_HH,Huyện Hòa Bình - Bạc Liêu,Bạc Liêu,Bac Lieu,Hòa Bình,9.2833,105.6333,2026-03-20 00:19:41,2026-03-19 05:19:41,statistical,medium,23.8,32.7,23.8,28.6,82.0,85.0,65.0,75.8,1018.0,1019.0,1005.0,1011.3,1.9,5.7,1.3,3.5,41.0,71.1,0.0,7.8,0.2,0.8,17.9,55.0,76.0,43.0,59.4,9.9,14.8,9.6,12.2,0,Không mưa,Bao_cao_Bac_Lieu_20260320_001944.csv,20260320,,Bac Lieu
BL_HH,Huyện Hòa Bình - Bạc Liêu,Bạc Liêu,Bac Lieu,Hòa Bình,9.2833,105.6333,2026-03-20 00:19:41,2026-03-19 06:19:41,statistical,medium,24.4,32.7,23.8,28.6,84.0,85.0,65.0,75.8,1019.0,1019.0,1005.0,1011.3,5.4,5.7,1.3,3.5,52.0,71.1,0.0,7.8,0.2,0.8,17.9,69.0,76.0,43.0,59.4,9.6,14.8,9.6,12.2,0,Không mưa,Bao_cao_Bac_Lieu_20260320_001944.csv,20260320,,Bac Lieu
BL_HH,Huyện Hòa Bình - Bạc Liêu,Bạc Liêu,Bac Lieu,Hòa Bình,9.2833,105.6333,2026-03-20 00:19:41,2026-03-19 07:19:41,statistical,medium,27.1,32.7,23.8,28.6,85.0,85.0,65.0,75.8,1011.0,1019.0,1005.0,1011.3,3.1,5.7,1.3,3.5,104.0,71.1,0.0,7.8,0.2,0.8,17.9,76.0,76.0,43.0,59.4,13.2,14.8,9.6,12.2,5,Không mưa,Bao_cao_Bac_Lieu_20260320_001944.csv,20260320,,Bac Lieu
BL_HH,Huyện Hòa Bình - Bạc Liêu,Bạc Liêu,Bac Lieu,Hòa Bình,9.2833,105.6333,2026-03-20 00:19:41,2026-03-19 08:19:41,statistical,medium,30.2,32.7,23.8,28.6,85.0,85.0,65.0,75.8,1006.0,1019.0,1005.0,1011.3,4.8,5.7,1.3,3.5,302.0,71.1,0.0,7.8,0.2,0.8,17.9,75.0,76.0,43.0,59.4,10.3,14.8,9.6,12.2,10,Không mưa,Bao_cao_Bac_Lieu_20260320_001944.csv,20260320,,Bac Lieu
BL_HH,Huyện Hòa Bình - Bạc Liêu,Bạc Liêu,Bac Lieu,Hòa Bình,9.2833,105.6333,2026-03-20 00:19:41,2026-03-19 09:19:41,statistical,medium,28.1,32.7,23.8,28.6,66.0,85.0,65.0,75.8,1016.0,1019.0,1005.0,1011.3,2.0,5.7,1.3,3.5,142.0,71.1,0.0,7.8,0.2,0.8,17.9,49.0,76.0,43.0,59.4,12.8,14.8,9.6,12.2,5,Không mưa,Bao_cao_Bac_Lieu_20260320_001944.csv,20260320,,Bac Lieu
BL_HH,Huyện Hòa Bình - Bạc Liêu,Bạc Liêu,Bac Lieu,Hòa Bình,9.2833,105.6333,2026-03-20 00:19:41,2026-03-19 10:19:41,statistical,medium,30.9,32.7,23.8,28.6,83.0,85.0,65.0,75.8,1010.0,1019.0,1005.0,1011.3,1.8,5.7,1.3,3.5,69.0,71.1,7.8,7.8,0.2,0.8,17.9,72.0,76.0,43.0,59.4,10.6,14.8,9.6,12.2,25,Mưa,Bao_cao_Bac_Lieu_20260320_001944.csv,20260320,,Bac Lieu
BL_HH,Huyện Hòa Bình - Bạc Liêu,Bạc Liêu,Bac Lieu,Hòa Bình,9.2833,105.6333,2026-03-20 00:19:41,2026-03-19 11:19:41,statistical,medium,29.1,32.7,23.8,28.6,79.0,85.0,65.0,75.8,1005.0,1019.0,1005.0,1011.3,5.5,5.7,1.3,3.5,218.0,71.1,0.0,7.8,0.2,0.8,17.9,60.0,76.0,43.0,59.4,13.9,14.8,9.6,12.2,5,Không mưa,Bao_cao_Bac_Lieu_20260320_001944.csv,20260320,,Bac Lieu
BL_HH,Huyện Hòa Bình - Bạc Liêu,Bạc Liêu,Bac Lieu,Hòa Bình,9.2833,105.6333,2026-03-20 00:19:41,2026-03-19 12:19:41,statistical,medium,29.9,32.7,23.8,28.6,78.0,85.0,65.0,75.8,1007.0,1019.0,1005.0,1011.3,1.5,5.7,1.3,3.5,118.0,71.1,0.0,7.8,0.2,0.8,17.9,54.0,76.0,43.0,59.4,12.7,14.8,9.6,12.2,5,Không mưa,Bao_cao_Bac_Lieu_20260320_001944.csv,20260320,,Bac Lieu
BL_HH,Huyện Hòa Bình - Bạc Liêu,Bạc Liêu,Bac Lieu,Hòa Bình,9.2833,105.6333,2026-03-20 00:19:41,2026-03-19 13:19:41,statistical,medium,32.7,32.7,23.8,28.6,75.0,85.0,65.0,75.8,1015.0,1019.0,1005.0,1011.3,5.5,5.7,1.3,3.5,337.0,71.1,0.0,7.8,0.2,0.8,17.9,52.0,76.0,43.0,59.4,10.8,14.8,9.6,12.2,10,Không mưa,Bao_cao_Bac_Lieu_20260320_001944.csv,20260320,,Bac Lieu
BL_HH,Huyện Hòa Bình - Bạc Liêu,Bạc Liêu,Bac Lieu,Hòa Bình,9.2833,105.6333,2026-03-20 00:19:41,2026-03-19 14:19:41,statistical,medium,31.8,32.7,23.8,28.6,78.0,85.0,65.0,75.8,1013.0,1019.0,1005.0,1011.3,4.7,5.7,1.3,3.5,137.0,71.1,0.0,7.8,0.2,0.8,17.9,69.0,76.0,43.0,59.4,11.0,14.8,9.6,12.2,10,Không mưa,Bao_cao_Bac_Lieu_20260320_001944.csv,20260320,,Bac Lieu
BL_HH,Huyện Hòa Bình - Bạc Liêu,Bạc Liêu,Bac Lieu,Hòa Bình,9.2833,105.6333,2026-03-20 00:19:41,2026-03-19 15:19:41,statistical,medium,31.0,32.7,23.8,28.6,68.0,85.0,65.0,75.8,1016.0,1019.0,1005.0,1011.3,5.0,5.7,1.3,3.5,295.0,71.1,0.0,7.8,0.2,0.8,17.9,44.0,76.0,43.0,59.4,13.1,14.8,9.6,12.2,10,Không mưa,Bao_cao_Bac_Lieu_20260320_001944.csv,20260320,,Bac Lieu
BL_HH,Huyện Hòa Bình - Bạc Liêu,Bạc Liêu,Bac Lieu,Hòa Bình,9.2833,105.6333,2026-03-20 00:19:41,2026-03-19 16:19:41,statistical,medium,28.8,32.7,23.8,28.6,72.0,85.0,65.0,75.8,1009.0,1019.0,1005.0,1011.3,2.9,5.7,1.3,3.5,161.0,71.1,0.0,7.8,0.2,0.8,17.9,54.0,76.0,43.0,59.4,11.4,14.8,9.6,12.2,5,Không mưa,Bao_cao_Bac_Lieu_20260320_001944.csv,20260320,,Bac Lieu
BL_HH,Huyện Hòa Bình - Bạc Liêu,Bạc Liêu,Bac Lieu,Hòa Bình,9.2833,105.6333,2026-03-20 00:19:41,2026-03-19 17:19:41,statistical,medium,30.6,32.7,23.8,28.6,69.0,85.0,65.0,75.8,1005.0,1019.0,1005.0,1011.3,4.6,5.7,1.3,3.5,313.0,71.1,0.0,7.8,0.2,0.8,17.9,59.0,76.0,43.0,59.4,14.8,14.8,9.6,12.2,10,Không mưa,Bao_cao_Bac_Lieu_20260320_001944.csv,20260320,,Bac Lieu
BL_HH,Huyện Hòa Bình - Bạc Liêu,Bạc Liêu,Bac Lieu,Hòa Bình,9.2833,105.6333,2026-03-20 00:19:41,2026-03-19 18:19:41,statistical,medium,29.7,32.7,23.8,28.6,70.0,85.0,65.0,75.8,1006.0,1019.0,1005.0,1011.3,3.7,5.7,1.3,3.5,316.0,71.1,0.2,7.8,0.2,0.8,17.9,47.0,76.0,43.0,59.4,13.7,14.8,9.6,12.2,5,Mưa,Bao_cao_Bac_Lieu_20260320_001944.csv,20260320,,Bac Lieu
BL_HH,Huyện Hòa Bình - Bạc Liêu,Bạc Liêu,Bac Lieu,Hòa Bình,9.2833,105.6333,2026-03-20 00:19:41,2026-03-19 19:19:41,statistical,medium,31.1,32.7,23.8,28.6,67.0,85.0,65.0,75.8,1008.0,1019.0,1005.0,1011.3,1.3,5.7,1.3,3.5,308.0,71.1,1.0,7.8,0.2,0.8,17.9,48.0,76.0,43.0,59.4,14.7,14.8,9.6,12.2,10,Mưa,Bao_cao_Bac_Lieu_20260320_001944.csv,20260320,,Bac Lieu
BL_HH,Huyện Hòa Bình - Bạc Liêu,Bạc Liêu,Bac Lieu,Hòa Bình,9.2833,105.6333,2026-03-20 00:19:41,2026-03-19 20:19:41,statistical,medium,31.0,32.7,23.8,28.6,80.0,85.0,65.0,75.8,1018.0,1019.0,1005.0,1011.3,1.4,5.7,1.3,3.5,82.0,71.1,1.8,7.8,0.2,0.8,17.9,55.0,76.0,43.0,59.4,11.2,14.8,9.6,12.2,15,Mưa,Bao_cao_Bac_Lieu_20260320_001944.csv,20260320,,Bac Lieu
BL_HH,Huyện Hòa Bình - Bạc Liêu,Bạc Liêu,Bac Lieu,Hòa Bình,9.2833,105.6333,2026-03-20 00:19:41,2026-03-19 21:19:41,statistical,medium,29.2,32.7,23.8,28.6,65.0,85.0,65.0,75.8,1012.0,1019.0,1005.0,1011.3,4.6,5.7,1.3,3.5,318.0,71.1,0.0,7.8,0.2,0.8,17.9,43.0,76.0,43.0,59.4,12.8,14.8,9.6,12.2,5,Không mưa,Bao_cao_Bac_Lieu_20260320_001944.csv,20260320,,Bac Lieu
BL_HH,Huyện Hòa Bình - Bạc Liêu,Bạc Liêu,Bac Lieu,Hòa Bình,9.2833,105.6333,2026-03-20 00:19:41,2026-03-19 22:19:41,statistical,medium,28.2,32.7,23.8,28.6,84.0,85.0,65.0,75.8,1018.0,1019.0,1005.0,1011.3,5.7,5.7,1.3,3.5,280.0,71.1,0.0,7.8,0.2,0.8,17.9,69.0,76.0,43.0,59.4,10.5,14.8,9.6,12.2,5,Không mưa,Bao_cao_Bac_Lieu_20260320_001944.csv,20260320,,Bac Lieu
BL_HH,Huyện Hòa Bình - Bạc Liêu,Bạc Liêu,Bac Lieu,Hòa Bình,9.2833,105.6333,2026-03-20 00:19:41,2026-03-19 23:19:41,statistical,medium,28.0,32.7,23.8,28.6,67.0,85.0,65.0,75.8,1013.0,1019.0,1005.0,1011.3,2.4,5.7,1.3,3.5,127.0,71.1,0.0,7.8,0.2,0.8,17.9,53.0,76.0,43.0,59.4,12.4,14.8,9.6,12.2,5,Không mưa,Bao_cao_Bac_Lieu_20260320_001944.csv,20260320,,Bac Lieu
BL_HH,Huyện Hòa Bình - Bạc Liêu,Bạc Liêu,Bac Lieu,Hòa Bình,9.2833,105.6333,2026-03-20 00:19:41,2026-03-20 00:19:41,statistical,medium,29.2,29.2,29.2,29.2,70.0,70.0,70.0,70.0,1007.0,1007.0,1007.0,1007.0,2.4,2.4,2.4,2.4,330.0,330.0,0.0,0.0,0.0,0.0,0.0,58.0,58.0,58.0,58.0,13.1,13.1,13.1,13.1,5,Không mưa,Bao_cao_Bac_Lieu_20260320_001944.csv,20260320,,Bac Lieu
BL_HB,Huyện Hồng Dân - Bạc Liêu,Bạc Liêu,Bac Lieu,Hồng Dân,9.55,105.4167,2026-03-20 00:19:40,2026-03-19 01:19:40,statistical,medium,23.9,32.9,23.6,28.2,85.0,85.0,65.0,73.0,1017.0,1020.0,1005.0,1013.8,3.4,6.0,1.4,3.7,71.0,58.1,0.0,6.7,0.4,0.6,13.8,64.0,73.0,43.0,56.7,10.4,15.9,10.4,13.6,0,Không mưa,Bao_cao_Bac_Lieu_20260320_001944.csv,20260320,,Bac Lieu
BL_HB,Huyện Hồng Dân - Bạc Liêu,Bạc Liêu,Bac Lieu,Hồng Dân,9.55,105.4167,2026-03-20 00:19:40,2026-03-19 02:19:40,statistical,medium,24.2,32.9,23.6,28.2,85.0,85.0,65.0,73.0,1006.0,1020.0,1005.0,1013.8,5.6,6.0,1.4,3.7,36.0,58.1,6.7,6.7,0.4,0.6,13.8,73.0,73.0,43.0,56.7,11.9,15.9,10.4,13.6,15,Mưa,Bao_cao_Bac_Lieu_20260320_001944.csv,20260320,,Bac Lieu
BL_HB,Huyện Hồng Dân - Bạc Liêu,Bạc Liêu,Bac Lieu,Hồng Dân,9.55,105.4167,2026-03-20 00:19:40,2026-03-19 03:19:40,statistical,medium,24.2,32.9,23.6,28.2,73.0,85.0,65.0,73.0,1005.0,1020.0,1005.0,1013.8,3.4,6.0,1.4,3.7,323.0,58.1,0.0,6.7,0.4,0.6,13.8,55.0,73.0,43.0,56.7,14.2,15.9,10.4,13.6,0,Không mưa,Bao_cao_Bac_Lieu_20260320_001944.csv,20260320,,Bac Lieu
BL_HB,Huyện Hồng Dân - Bạc Liêu,Bạc Liêu,Bac Lieu,Hồng Dân,9.55,105.4167,2026-03-20 00:19:40,2026-03-19 04:19:40,statistical,medium,23.7,32.9,23.6,28.2,68.0,85.0,65.0,73.0,1011.0,1020.0,1005.0,1013.8,3.7,6.0,1.4,3.7,283.0,58.1,0.0,6.7,0.4,0.6,13.8,44.0,73.0,43.0,56.7,15.3,15.9,10.4,13.6,0,Không mưa,Bao_cao_Bac_Lieu_20260320_001944.csv,20260320,,Bac Lieu
BL_HB,Huyện Hồng Dân - Bạc Liêu,Bạc Liêu,Bac Lieu,Hồng Dân,9.55,105.4167,2026-03-20 00:19:40,2026-03-19 05:19:40,statistical,medium,25.6,32.9,23.6,28.2,72.0,85.0,65.0,73.0,1016.0,1020.0,1005.0,1013.8,5.0,6.0,1.4,3.7,279.0,58.1,0.0,6.7,0.4,0.6,13.8,57.0,73.0,43.0,56.7,14.7,15.9,10.4,13.6,5,Không mưa,Bao_cao_Bac_Lieu_20260320_001944.csv,20260320,,Bac Lieu
BL_HB,Huyện Hồng Dân - Bạc Liêu,Bạc Liêu,Bac Lieu,Hồng Dân,9.55,105.4167,2026-03-20 00:19:40,2026-03-19 06:19:40,statistical,medium,27.0,32.9,23.6,28.2,81.0,85.0,65.0,73.0,1015.0,1020.0,1005.0,1013.8,3.3,6.0,1.4,3.7,102.0,58.1,0.0,6.7,0.4,0.6,13.8,61.0,73.0,43.0,56.7,11.1,15.9,10.4,13.6,5,Không mưa,Bao_cao_Bac_Lieu_20260320_001944.csv,20260320,,Bac Lieu
BL_HB,Huyện Hồng Dân - Bạc Liêu,Bạc Liêu,Bac Lieu,Hồng Dân,9.55,105.4167,2026-03-20 00:19:40,2026-03-19 07:19:40,statistical,medium,23.6,32.9,23.6,28.2,69.0,85.0,65.0,73.0,1019.0,1020.0,1005.0,1013.8,6.0,6.0,1.4,3.7,274.0,58.1,0.4,6.7,0.4,0.6,13.8,49.0,73.0,43.0,56.7,14.7,15.9,10.4,13.6,0,Mưa,Bao_cao_Bac_Lieu_20260320_001944.csv,20260320,,Bac Lieu
BL_HB,Huyện Hồng Dân - Bạc Liêu,Bạc Liêu,Bac Lieu,Hồng Dân,9.55,105.4167,2026-03-20 00:19:40,2026-03-19 08:19:40,statistical,medium,30.1,32.9,23.6,28.2,81.0,85.0,65.0,73.0,1012.0,1020.0,1005.0,1013.8,1.4,6.0,1.4,3.7,53.0,58.1,1.7,6.7,0.4,0.6,13.8,59.0,73.0,43.0,56.7,13.7,15.9,10.4,13.6,15,Mưa,Bao_cao_Bac_Lieu_20260320_001944.csv,20260320,,Bac Lieu
BL_HB,Huyện Hồng Dân - Bạc Liêu,Bạc Liêu,Bac Lieu,Hồng Dân,9.55,105.4167,2026-03-20 00:19:40,2026-03-19 09:19:40,statistical,medium,31.0,32.9,23.6,28.2,72.0,85.0,65.0,73.0,1012.0,1020.0,1005.0,1013.8,4.8,6.0,1.4,3.7,92.0,58.1,0.0,6.7,0.4,0.6,13.8,57.0,73.0,43.0,56.7,15.0,15.9,10.4,13.6,10,Không mưa,Bao_cao_Bac_Lieu_20260320_001944.csv,20260320,,Bac Lieu
BL_HB,Huyện Hồng Dân - Bạc Liêu,Bạc Liêu,Bac Lieu,Hồng Dân,9.55,105.4167,2026-03-20 00:19:40,2026-03-19 10:19:40,statistical,medium,28.3,32.9,23.6,28.2,68.0,85.0,65.0,73.0,1008.0,1020.0,1005.0,1013.8,2.6,6.0,1.4,3.7,219.0,58.1,0.0,6.7,0.4,0.6,13.8,55.0,73.0,43.0,56.7,13.6,15.9,10.4,13.6,5,Không mưa,Bao_cao_Bac_Lieu_20260320_001944.csv,20260320,,Bac Lieu
BL_HB,Huyện Hồng Dân - Bạc Liêu,Bạc Liêu,Bac Lieu,Hồng Dân,9.55,105.4167,2026-03-20 00:19:40,2026-03-19 11:19:40,statistical,medium,29.8,32.9,23.6,28.2,71.0,85.0,65.0,73.0,1013.0,1020.0,1005.0,1013.8,3.4,6.0,1.4,3.7,26.0,58.1,0.0,6.7,0.4,0.6,13.8,64.0,73.0,43.0,56.7,12.2,15.9,10.4,13.6,5,Không mưa,Bao_cao_Bac_Lieu_20260320_001944.csv,20260320,,Bac Lieu
BL_HB,Huyện Hồng Dân - Bạc Liêu,Bạc Liêu,Bac Lieu,Hồng Dân,9.55,105.4167,2026-03-20 00:19:40,2026-03-19 12:19:40,statistical,medium,27.9,32.9,23.6,28.2,66.0,85.0,65.0,73.0,1005.0,1020.0,1005.0,1013.8,3.6,6.0,1.4,3.7,123.0,58.1,0.0,6.7,0.4,0.6,13.8,45.0,73.0,43.0,56.7,15.9,15.9,10.4,13.6,5,Không mưa,Bao_cao_Bac_Lieu_20260320_001944.csv,20260320,,Bac Lieu
BL_HB,Huyện Hồng Dân - Bạc Liêu,Bạc Liêu,Bac Lieu,Hồng Dân,9.55,105.4167,2026-03-20 00:19:40,2026-03-19 13:19:40,statistical,medium,31.9,32.9,23.6,28.2,68.0,85.0,65.0,73.0,1020.0,1020.0,1005.0,1013.8,4.4,6.0,1.4,3.7,102.0,58.1,0.0,6.7,0.4,0.6,13.8,47.0,73.0,43.0,56.7,15.5,15.9,10.4,13.6,10,Không mưa,Bao_cao_Bac_Lieu_20260320_001944.csv,20260320,,Bac Lieu
BL_HB,Huyện Hồng Dân - Bạc Liêu,Bạc Liêu,Bac Lieu,Hồng Dân,9.55,105.4167,2026-03-20 00:19:40,2026-03-19 14:19:40,statistical,medium,31.1,32.9,23.6,28.2,75.0,85.0,65.0,73.0,1016.0,1020.0,1005.0,1013.8,2.6,6.0,1.4,3.7,326.0,58.1,0.0,6.7,0.4,0.6,13.8,53.0,73.0,43.0,56.7,12.3,15.9,10.4,13.6,10,Không mưa,Bao_cao_Bac_Lieu_20260320_001944.csv,20260320,,Bac Lieu
BL_HB,Huyện Hồng Dân - Bạc Liêu,Bạc Liêu,Bac Lieu,Hồng Dân,9.55,105.4167,2026-03-20 00:19:40,2026-03-19 15:19:40,statistical,medium,32.9,32.9,23.6,28.2,80.0,85.0,65.0,73.0,1016.0,1020.0,1005.0,1013.8,4.3,6.0,1.4,3.7,221.0,58.1,0.0,6.7,0.4,0.6,13.8,73.0,73.0,43.0,56.7,10.8,15.9,10.4,13.6,10,Không mưa,Bao_cao_Bac_Lieu_20260320_001944.csv,20260320,,Bac Lieu
BL_HB,Huyện Hồng Dân - Bạc Liêu,Bạc Liêu,Bac Lieu,Hồng Dân,9.55,105.4167,2026-03-20 00:19:40,2026-03-19 16:19:40,statistical,medium,29.2,32.9,23.6,28.2,67.0,85.0,65.0,73.0,1018.0,1020.0,1005.0,1013.8,3.7,6.0,1.4,3.7,159.0,58.1,0.0,6.7,0.4,0.6,13.8,50.0,73.0,43.0,56.7,13.2,15.9,10.4,13.6,5,Không mưa,Bao_cao_Bac_Lieu_20260320_001944.csv,20260320,,Bac Lieu
BL_HB,Huyện Hồng Dân - Bạc Liêu,Bạc Liêu,Bac Lieu,Hồng Dân,9.55,105.4167,2026-03-20 00:19:40,2026-03-19 17:19:40,statistical,medium,30.7,32.9,23.6,28.2,70.0,85.0,65.0,73.0,1008.0,1020.0,1005.0,1013.8,5.4,6.0,1.4,3.7,0.0,58.1,0.0,6.7,0.4,0.6,13.8,54.0,73.0,43.0,56.7,13.3,15.9,10.4,13.6,10,Không mưa,Bao_cao_Bac_Lieu_20260320_001944.csv,20260320,,Bac Lieu
BL_HB,Huyện Hồng Dân - Bạc Liêu,Bạc Liêu,Bac Lieu,Hồng Dân,9.55,105.4167,2026-03-20 00:19:40,2026-03-19 18:19:40,statistical,medium,30.4,32.9,23.6,28.2,65.0,85.0,65.0,73.0,1016.0,1020.0,1005.0,1013.8,3.2,6.0,1.4,3.7,265.0,58.1,0.0,6.7,0.4,0.6,13.8,43.0,73.0,43.0,56.7,15.7,15.9,10.4,13.6,10,Không mưa,Bao_cao_Bac_Lieu_20260320_001944.csv,20260320,,Bac Lieu
BL_HB,Huyện Hồng Dân - Bạc Liêu,Bạc Liêu,Bac Lieu,Hồng Dân,9.55,105.4167,2026-03-20 00:19:40,2026-03-19 19:19:40,statistical,medium,28.3,32.9,23.6,28.2,71.0,85.0,65.0,73.0,1020.0,1020.0,1005.0,1013.8,3.6,6.0,1.4,3.7,137.0,58.1,5.0,6.7,0.4,0.6,13.8,60.0,73.0,43.0,56.7,13.1,15.9,10.4,13.6,10,Mưa,Bao_cao_Bac_Lieu_20260320_001944.csv,20260320,,Bac Lieu
BL_HB,Huyện Hồng Dân - Bạc Liêu,Bạc Liêu,Bac Lieu,Hồng Dân,9.55,105.4167,2026-03-20 00:19:40,2026-03-19 20:19:40,statistical,medium,28.0,32.9,23.6,28.2,72.0,85.0,65.0,73.0,1015.0,1020.0,1005.0,1013.8,2.4,6.0,1.4,3.7,244.0,58.1,0.0,6.7,0.4,0.6,13.8,62.0,73.0,43.0,56.7,13.5,15.9,10.4,13.6,5,Không mưa,Bao_cao_Bac_Lieu_20260320_001944.csv,20260320,,Bac Lieu
BL_HB,Huyện Hồng Dân - Bạc Liêu,Bạc Liêu,Bac Lieu,Hồng Dân,9.55,105.4167,2026-03-20 00:19:40,2026-03-19 21:19:40,statistical,medium,30.0,32.9,23.6,28.2,78.0,85.0,65.0,73.0,1014.0,1020.0,1005.0,1013.8,4.5,6.0,1.4,3.7,300.0,58.1,0.0,6.7,0.4,0.6,13.8,68.0,73.0,43.0,56.7,13.4,15.9,10.4,13.6,5,Không mưa,Bao_cao_Bac_Lieu_20260320_001944.csv,20260320,,Bac Lieu
BL_HB,Huyện Hồng Dân - Bạc Liêu,Bạc Liêu,Bac Lieu,Hồng Dân,9.55,105.4167,2026-03-20 00:19:40,2026-03-19 22:19:40,statistical,medium,29.6,32.9,23.6,28.2,69.0,85.0,65.0,73.0,1018.0,1020.0,1005.0,1013.8,2.0,6.0,1.4,3.7,119.0,58.1,0.0,6.7,0.4,0.6,13.8,60.0,73.0,43.0,56.7,15.3,15.9,10.4,13.6,5,Không mưa,Bao_cao_Bac_Lieu_20260320_001944.csv,20260320,,Bac Lieu
BL_HB,Huyện Hồng Dân - Bạc Liêu,Bạc Liêu,Bac Lieu,Hồng Dân,9.55,105.4167,2026-03-20 00:19:40,2026-03-19 23:19:40,statistical,medium,28.3,32.9,23.6,28.2,73.0,85.0,65.0,73.0,1017.0,1020.0,1005.0,1013.8,2.3,6.0,1.4,3.7,102.0,58.1,0.0,6.7,0.4,0.6,13.8,52.0,73.0,43.0,56.7,13.3,15.9,10.4,13.6,5,Không mưa,Bao_cao_Bac_Lieu_20260320_001944.csv,20260320,,Bac Lieu
BL_HB,Huyện Hồng Dân - Bạc Liêu,Bạc Liêu,Bac Lieu,Hồng Dân,9.55,105.4167,2026-03-20 00:19:40,2026-03-20 00:19:40,statistical,medium,30.9,30.9,30.9,30.9,75.0,75.0,75.0,75.0,1011.0,1011.0,1011.0,1011.0,1.5,1.5,1.5,1.5,252.0,252.0,0.0,0.0,0.0,0.0,0.0,55.0,55.0,55.0,55.0,12.0,12.0,12.0,12.0,10,Không mưa,Bao_cao_Bac_Lieu_20260320_001944.csv,20260320,,Bac Lieu
BL_PT,Huyện Phước Long - Bạc Liêu,Bạc Liêu,Bac Lieu,Phước Long,9.4333,105.4667,2026-03-20 00:19:40,2026-03-19 01:19:40,statistical,medium,28.1,37.8,27.1,32.2,85.0,85.0,65.0,76.5,1020.0,1020.0,1005.0,1013.0,1.8,5.9,1.1,3.2,19.0,346.7,0.0,5.0,1.2,0.6,12.9,73.0,77.0,47.0,62.3,10.5,14.7,9.8,12.3,5,Không mưa,Bao_cao_Bac_Lieu_20260320_001944.csv,20260320,,Bac Lieu
BL_PT,Huyện Phước Long - Bạc Liêu,Bạc Liêu,Bac Lieu,Phước Long,9.4333,105.4667,2026-03-20 00:19:40,2026-03-19 02:19:40,statistical,medium,28.8,37.8,27.1,32.2,82.0,85.0,65.0,76.5,1005.0,1020.0,1005.0,1013.0,1.5,5.9,1.1,3.2,70.0,346.7,0.0,5.0,1.2,0.6,12.9,74.0,77.0,47.0,62.3,11.8,14.7,9.8,12.3,5,Không mưa,Bao_cao_Bac_Lieu_20260320_001944.csv,20260320,,Bac Lieu
BL_PT,Huyện Phước Long - Bạc Liêu,Bạc Liêu,Bac Lieu,Phước Long,9.4333,105.4667,2026-03-20 00:19:40,2026-03-19 03:19:40,statistical,medium,29.9,37.8,27.1,32.2,83.0,85.0,65.0,76.5,1005.0,1020.0,1005.0,1013.0,1.9,5.9,1.1,3.2,351.0,346.7,0.0,5.0,1.2,0.6,12.9,60.0,77.0,47.0,62.3,12.9,14.7,9.8,12.3,5,Không mưa,Bao_cao_Bac_Lieu_20260320_001944.csv,20260320,,Bac Lieu
BL_PT,Huyện Phước Long - Bạc Liêu,Bạc Liêu,Bac Lieu,Phước Long,9.4333,105.4667,2026-03-20 00:19:40,2026-03-19 04:19:40,statistical,medium,27.1,37.8,27.1,32.2,72.0,85.0,65.0,76.5,1009.0,1020.0,1005.0,1013.0,1.3,5.9,1.1,3.2,94.0,346.7,0.0,5.0,1.2,0.6,12.9,59.0,77.0,47.0,62.3,12.1,14.7,9.8,12.3,5,Không mưa,Bao_cao_Bac_Lieu_20260320_001944.csv,20260320,,Bac Lieu
BL_PT,Huyện Phước Long - Bạc Liêu,Bạc Liêu,Bac Lieu,Phước Long,9.4333,105.4667,2026-03-20 00:19:40,2026-03-19 05:19:40,statistical,medium,29.4,37.8,27.1,32.2,69.0,85.0,65.0,76.5,1017.0,1020.0,1005.0,1013.0,1.6,5.9,1.1,3.2,253.0,346.7,0.0,5.0,1.2,0.6,12.9,47.0,77.0,47.0,62.3,13.8,14.7,9.8,12.3,5,Không mưa,Bao_cao_Bac_Lieu_20260320_001944.csv,20260320,,Bac Lieu
BL_PT,Huyện Phước Long - Bạc Liêu,Bạc Liêu,Bac Lieu,Phước Long,9.4333,105.4667,2026-03-20 00:19:40,2026-03-19 06:19:40,statistical,medium,30.9,37.8,27.1,32.2,78.0,85.0,65.0,76.5,1020.0,1020.0,1005.0,1013.0,5.1,5.9,1.1,3.2,179.0,346.7,0.0,5.0,1.2,0.6,12.9,72.0,77.0,47.0,62.3,11.8,14.7,9.8,12.3,10,Không mưa,Bao_cao_Bac_Lieu_20260320_001944.csv,20260320,,Bac Lieu
BL_PT,Huyện Phước Long - Bạc Liêu,Bạc Liêu,Bac Lieu,Phước Long,9.4333,105.4667,2026-03-20 00:19:40,2026-03-19 07:19:40,statistical,medium,30.3,37.8,27.1,32.2,75.0,85.0,65.0,76.5,1019.0,1020.0,1005.0,1013.0,2.1,5.9,1.1,3.2,134.0,346.7,1.9,5.0,1.2,0.6,12.9,59.0,77.0,47.0,62.3,11.6,14.7,9.8,12.3,15,Mưa,Bao_cao_Bac_Lieu_20260320_001944.csv,20260320,,Bac Lieu
BL_PT,Huyện Phước Long - Bạc Liêu,Bạc Liêu,Bac Lieu,Phước Long,9.4333,105.4667,2026-03-20 00:19:40,2026-03-19 08:19:40,statistical,medium,33.8,37.8,27.1,32.2,83.0,85.0,65.0,76.5,1017.0,1020.0,1005.0,1013.0,4.5,5.9,1.1,3.2,283.0,346.7,0.0,5.0,1.2,0.6,12.9,60.0,77.0,47.0,62.3,12.0,14.7,9.8,12.3,10,Không mưa,Bao_cao_Bac_Lieu_20260320_001944.csv,20260320,,Bac Lieu
BL_PT,Huyện Phước Long - Bạc Liêu,Bạc Liêu,Bac Lieu,Phước Long,9.4333,105.4667,2026-03-20 00:19:40,2026-03-19 09:19:40,statistical,medium,33.1,37.8,27.1,32.2,73.0,85.0,65.0,76.5,1012.0,1020.0,1005.0,1013.0,4.1,5.9,1.1,3.2,324.0,346.7,5.0,5.0,1.2,0.6,12.9,58.0,77.0,47.0,62.3,12.9,14.7,9.8,12.3,15,Mưa,Bao_cao_Bac_Lieu_20260320_001944.csv,20260320,,Bac Lieu
BL_PT,Huyện Phước Long - Bạc Liêu,Bạc Liêu,Bac Lieu,Phước Long,9.4333,105.4667,2026-03-20 00:19:40,2026-03-19 10:19:40,statistical,medium,31.9,37.8,27.1,32.2,78.0,85.0,65.0,76.5,1019.0,1020.0,1005.0,1013.0,4.0,5.9,1.1,3.2,327.0,346.7,0.0,5.0,1.2,0.6,12.9,69.0,77.0,47.0,62.3,13.8,14.7,9.8,12.3,10,Không mưa,Bao_cao_Bac_Lieu_20260320_001944.csv,20260320,,Bac Lieu
BL_PT,Huyện Phước Long - Bạc Liêu,Bạc Liêu,Bac Lieu,Phước Long,9.4333,105.4667,2026-03-20 00:19:40,2026-03-19 11:19:40,statistical,medium,33.7,37.8,27.1,32.2,74.0,85.0,65.0,76.5,1011.0,1020.0,1005.0,1013.0,5.4,5.9,1.1,3.2,355.0,346.7,0.0,5.0,1.2,0.6,12.9,50.0,77.0,47.0,62.3,11.1,14.7,9.8,12.3,10,Không mưa,Bao_cao_Bac_Lieu_20260320_001944.csv,20260320,,Bac Lieu
BL_PT,Huyện Phước Long - Bạc Liêu,Bạc Liêu,Bac Lieu,Phước Long,9.4333,105.4667,2026-03-20 00:19:40,2026-03-19 12:19:40,statistical,medium,31.1,37.8,27.1,32.2,65.0,85.0,65.0,76.5,1017.0,1020.0,1005.0,1013.0,1.1,5.9,1.1,3.2,38.0,346.7,0.0,5.0,1.2,0.6,12.9,59.0,77.0,47.0,62.3,12.7,14.7,9.8,12.3,10,Không mưa,Bao_cao_Bac_Lieu_20260320_001944.csv,20260320,,Bac Lieu
BL_PT,Huyện Phước Long - Bạc Liêu,Bạc Liêu,Bac Lieu,Phước Long,9.4333,105.4667,2026-03-20 00:19:40,2026-03-19 13:19:40,statistical,medium,37.8,37.8,27.1,32.2,73.0,85.0,65.0,76.5,1010.0,1020.0,1005.0,1013.0,5.9,5.9,1.1,3.2,297.0,346.7,0.0,5.0,1.2,0.6,12.9,51.0,77.0,47.0,62.3,14.7,14.7,9.8,12.3,10,Không mưa,Bao_cao_Bac_Lieu_20260320_001944.csv,20260320,,Bac Lieu
BL_PT,Huyện Phước Long - Bạc Liêu,Bạc Liêu,Bac Lieu,Phước Long,9.4333,105.4667,2026-03-20 00:19:40,2026-03-19 14:19:40,statistical,medium,35.9,37.8,27.1,32.2,84.0,85.0,65.0,76.5,1011.0,1020.0,1005.0,1013.0,3.6,5.9,1.1,3.2,270.0,346.7,1.2,5.0,1.2,0.6,12.9,59.0,77.0,47.0,62.3,9.8,14.7,9.8,12.3,15,Mưa,Bao_cao_Bac_Lieu_20260320_001944.csv,20260320,,Bac Lieu
BL_PT,Huyện Phước Long - Bạc Liêu,Bạc Liêu,Bac Lieu,Phước Long,9.4333,105.4667,2026-03-20 00:19:40,2026-03-19 15:19:40,statistical,medium,37.5,37.8,27.1,32.2,71.0,85.0,65.0,76.5,1010.0,1020.0,1005.0,1013.0,3.1,5.9,1.1,3.2,358.0,346.7,0.0,5.0,1.2,0.6,12.9,60.0,77.0,47.0,62.3,11.7,14.7,9.8,12.3,10,Không mưa,Bao_cao_Bac_Lieu_20260320_001944.csv,20260320,,Bac Lieu
BL_PT,Huyện Phước Long - Bạc Liêu,Bạc Liêu,Bac Lieu,Phước Long,9.4333,105.4667,2026-03-20 00:19:40,2026-03-19 16:19:40,statistical,medium,34.2,37.8,27.1,32.2,82.0,85.0,65.0,76.5,1009.0,1020.0,1005.0,1013.0,4.2,5.9,1.1,3.2,219.0,346.7,0.0,5.0,1.2,0.6,12.9,72.0,77.0,47.0,62.3,11.9,14.7,9.8,12.3,10,Không mưa,Bao_cao_Bac_Lieu_20260320_001944.csv,20260320,,Bac Lieu
BL_PT,Huyện Phước Long - Bạc Liêu,Bạc Liêu,Bac Lieu,Phước Long,9.4333,105.4667,2026-03-20 00:19:40,2026-03-19 17:19:40,statistical,medium,31.6,37.8,27.1,32.2,85.0,85.0,65.0,76.5,1005.0,1020.0,1005.0,1013.0,5.1,5.9,1.1,3.2,313.0,346.7,0.0,5.0,1.2,0.6,12.9,77.0,77.0,47.0,62.3,12.9,14.7,9.8,12.3,10,Không mưa,Bao_cao_Bac_Lieu_20260320_001944.csv,20260320,,Bac Lieu
BL_PT,Huyện Phước Long - Bạc Liêu,Bạc Liêu,Bac Lieu,Phước Long,9.4333,105.4667,2026-03-20 00:19:40,2026-03-19 18:19:40,statistical,medium,31.8,37.8,27.1,32.2,79.0,85.0,65.0,76.5,1019.0,1020.0,1005.0,1013.0,3.2,5.9,1.1,3.2,47.0,346.7,0.0,5.0,1.2,0.6,12.9,62.0,77.0,47.0,62.3,12.6,14.7,9.8,12.3,10,Không mưa,Bao_cao_Bac_Lieu_20260320_001944.csv,20260320,,Bac Lieu
BL_PT,Huyện Phước Long - Bạc Liêu,Bạc Liêu,Bac Lieu,Phước Long,9.4333,105.4667,2026-03-20 00:19:40,2026-03-19 19:19:40,statistical,medium,31.4,37.8,27.1,32.2,69.0,85.0,65.0,76.5,1010.0,1020.0,1005.0,1013.0,1.1,5.9,1.1,3.2,179.0,346.7,0.0,5.0,1.2,0.6,12.9,63.0,77.0,47.0,62.3,11.9,14.7,9.8,12.3,10,Không mưa,Bao_cao_Bac_Lieu_20260320_001944.csv,20260320,,Bac Lieu
BL_PT,Huyện Phước Long - Bạc Liêu,Bạc Liêu,Bac Lieu,Phước Long,9.4333,105.4667,2026-03-20 00:19:40,2026-03-19 20:19:40,statistical,medium,31.9,37.8,27.1,32.2,78.0,85.0,65.0,76.5,1018.0,1020.0,1005.0,1013.0,1.8,5.9,1.1,3.2,3.0,346.7,0.0,5.0,1.2,0.6,12.9,66.0,77.0,47.0,62.3,10.4,14.7,9.8,12.3,10,Không mưa,Bao_cao_Bac_Lieu_20260320_001944.csv,20260320,,Bac Lieu
BL_PT,Huyện Phước Long - Bạc Liêu,Bạc Liêu,Bac Lieu,Phước Long,9.4333,105.4667,2026-03-20 00:19:40,2026-03-19 21:19:40,statistical,medium,33.0,37.8,27.1,32.2,73.0,85.0,65.0,76.5,1013.0,1020.0,1005.0,1013.0,3.8,5.9,1.1,3.2,155.0,346.7,2.1,5.0,1.2,0.6,12.9,58.0,77.0,47.0,62.3,13.9,14.7,9.8,12.3,15,Mưa,Bao_cao_Bac_Lieu_20260320_001944.csv,20260320,,Bac Lieu
BL_PT,Huyện Phước Long - Bạc Liêu,Bạc Liêu,Bac Lieu,Phước Long,9.4333,105.4667,2026-03-20 00:19:40,2026-03-19 22:19:40,statistical,medium,33.5,37.8,27.1,32.2,71.0,85.0,65.0,76.5,1017.0,1020.0,1005.0,1013.0,3.7,5.9,1.1,3.2,191.0,346.7,2.7,5.0,1.2,0.6,12.9,57.0,77.0,47.0,62.3,11.9,14.7,9.8,12.3,15,Mưa,Bao_cao_Bac_Lieu_20260320_001944.csv,20260320,,Bac Lieu
BL_PT,Huyện Phước Long - Bạc Liêu,Bạc Liêu,Bac Lieu,Phước Long,9.4333,105.4667,2026-03-20 00:19:40,2026-03-19 23:19:40,statistical,medium,34.0,37.8,27.1,32.2,78.0,85.0,65.0,76.5,1006.0,1020.0,1005.0,1013.0,3.5,5.9,1.1,3.2,61.0,346.7,0.0,5.0,1.2,0.6,12.9,69.0,77.0,47.0,62.3,13.3,14.7,9.8,12.3,10,Không mưa,Bao_cao_Bac_Lieu_20260320_001944.csv,20260320,,Bac Lieu
BL_PT,Huyện Phước Long - Bạc Liêu,Bạc Liêu,Bac Lieu,Phước Long,9.4333,105.4667,2026-03-20 00:19:40,2026-03-20 00:19:40,statistical,medium,33.2,33.2,33.2,33.2,72.0,72.0,72.0,72.0,1013.0,1013.0,1013.0,1013.0,2.7,2.7,2.7,2.7,17.0,17.0,0.0,0.0,0.0,0.0,0.0,63.0,63.0,63.0,63.0,14.0,14.0,14.0,14.0,10,Không mưa,Bao_cao_Bac_Lieu_20260320_001944.csv,20260320,,Bac Lieu
BL_VL,Huyện Vĩnh Lợi - Bạc Liêu,Bạc Liêu,Bac Lieu,Vĩnh Lợi,9.35,105.5667,2026-03-20 00:19:41,2026-03-19 01:19:41,statistical,medium,27.9,36.7,26.7,31.4,83.0,85.0,65.0,74.4,1017.0,1020.0,1005.0,1012.5,3.3,5.7,1.1,3.9,333.0,345.0,0.0,7.6,0.4,0.5,12.3,64.0,75.0,47.0,59.1,10.9,15.3,9.4,12.7,5,Không mưa,Bao_cao_Bac_Lieu_20260320_001944.csv,20260320,,Bac Lieu
BL_VL,Huyện Vĩnh Lợi - Bạc Liêu,Bạc Liêu,Bac Lieu,Vĩnh Lợi,9.35,105.5667,2026-03-20 00:19:41,2026-03-19 02:19:41,statistical,medium,28.8,36.7,26.7,31.4,85.0,85.0,65.0,74.4,1020.0,1020.0,1005.0,1012.5,4.4,5.7,1.1,3.9,288.0,345.0,0.0,7.6,0.4,0.5,12.3,67.0,75.0,47.0,59.1,10.3,15.3,9.4,12.7,5,Không mưa,Bao_cao_Bac_Lieu_20260320_001944.csv,20260320,,Bac Lieu
BL_VL,Huyện Vĩnh Lợi - Bạc Liêu,Bạc Liêu,Bac Lieu,Vĩnh Lợi,9.35,105.5667,2026-03-20 00:19:41,2026-03-19 03:19:41,statistical,medium,27.1,36.7,26.7,31.4,72.0,85.0,65.0,74.4,1017.0,1020.0,1005.0,1012.5,5.3,5.7,1.1,3.9,119.0,345.0,0.0,7.6,0.4,0.5,12.3,49.0,75.0,47.0,59.1,13.1,15.3,9.4,12.7,5,Không mưa,Bao_cao_Bac_Lieu_20260320_001944.csv,20260320,,Bac Lieu
BL_VL,Huyện Vĩnh Lợi - Bạc Liêu,Bạc Liêu,Bac Lieu,Vĩnh Lợi,9.35,105.5667,2026-03-20 00:19:41,2026-03-19 04:19:41,statistical,medium,28.9,36.7,26.7,31.4,72.0,85.0,65.0,74.4,1009.0,1020.0,1005.0,1012.5,4.4,5.7,1.1,3.9,19.0,345.0,0.0,7.6,0.4,0.5,12.3,52.0,75.0,47.0,59.1,13.3,15.3,9.4,12.7,5,Không mưa,Bao_cao_Bac_Lieu_20260320_001944.csv,20260320,,Bac Lieu
BL_VL,Huyện Vĩnh Lợi - Bạc Liêu,Bạc Liêu,Bac Lieu,Vĩnh Lợi,9.35,105.5667,2026-03-20 00:19:41,2026-03-19 05:19:41,statistical,medium,29.7,36.7,26.7,31.4,71.0,85.0,65.0,74.4,1019.0,1020.0,1005.0,1012.5,4.6,5.7,1.1,3.9,75.0,345.0,0.0,7.6,0.4,0.5,12.3,52.0,75.0,47.0,59.1,14.1,15.3,9.4,12.7,5,Không mưa,Bao_cao_Bac_Lieu_20260320_001944.csv,20260320,,Bac Lieu
BL_VL,Huyện Vĩnh Lợi - Bạc Liêu,Bạc Liêu,Bac Lieu,Vĩnh Lợi,9.35,105.5667,2026-03-20 00:19:41,2026-03-19 06:19:41,statistical,medium,28.6,36.7,26.7,31.4,77.0,85.0,65.0,74.4,1020.0,1020.0,1005.0,1012.5,2.6,5.7,1.1,3.9,14.0,345.0,0.4,7.6,0.4,0.5,12.3,67.0,75.0,47.0,59.1,12.1,15.3,9.4,12.7,5,Mưa,Bao_cao_Bac_Lieu_20260320_001944.csv,20260320,,Bac Lieu
BL_VL,Huyện Vĩnh Lợi - Bạc Liêu,Bạc Liêu,Bac Lieu,Vĩnh Lợi,9.35,105.5667,2026-03-20 00:19:41,2026-03-19 07:19:41,statistical,medium,26.7,36.7,26.7,31.4,73.0,85.0,65.0,74.4,1016.0,1020.0,1005.0,1012.5,1.2,5.7,1.1,3.9,91.0,345.0,0.0,7.6,0.4,0.5,12.3,52.0,75.0,47.0,59.1,12.6,15.3,9.4,12.7,5,Không mưa,Bao_cao_Bac_Lieu_20260320_001944.csv,20260320,,Bac Lieu
BL_VL,Huyện Vĩnh Lợi - Bạc Liêu,Bạc Liêu,Bac Lieu,Vĩnh Lợi,9.35,105.5667,2026-03-20 00:19:41,2026-03-19 08:19:41,statistical,medium,30.6,36.7,26.7,31.4,78.0,85.0,65.0,74.4,1017.0,1020.0,1005.0,1012.5,5.5,5.7,1.1,3.9,300.0,345.0,0.0,7.6,0.4,0.5,12.3,57.0,75.0,47.0,59.1,11.0,15.3,9.4,12.7,10,Không mưa,Bao_cao_Bac_Lieu_20260320_001944.csv,20260320,,Bac Lieu
BL_VL,Huyện Vĩnh Lợi - Bạc Liêu,Bạc Liêu,Bac Lieu,Vĩnh Lợi,9.35,105.5667,2026-03-20 00:19:41,2026-03-19 09:19:41,statistical,medium,32.7,36.7,26.7,31.4,68.0,85.0,65.0,74.4,1005.0,1020.0,1005.0,1012.5,4.6,5.7,1.1,3.9,63.0,345.0,0.0,7.6,0.4,0.5,12.3,54.0,75.0,47.0,59.1,15.0,15.3,9.4,12.7,10,Không mưa,Bao_cao_Bac_Lieu_20260320_001944.csv,20260320,,Bac Lieu
BL_VL,Huyện Vĩnh Lợi - Bạc Liêu,Bạc Liêu,Bac Lieu,Vĩnh Lợi,9.35,105.5667,2026-03-20 00:19:41,2026-03-19 10:19:41,statistical,medium,31.2,36.7,26.7,31.4,67.0,85.0,65.0,74.4,1016.0,1020.0,1005.0,1012.5,3.6,5.7,1.1,3.9,333.0,345.0,1.3,7.6,0.4,0.5,12.3,62.0,75.0,47.0,59.1,13.0,15.3,9.4,12.7,15,Mưa,Bao_cao_Bac_Lieu_20260320_001944.csv,20260320,,Bac Lieu
BL_VL,Huyện Vĩnh Lợi - Bạc Liêu,Bạc Liêu,Bac Lieu,Vĩnh Lợi,9.35,105.5667,2026-03-20 00:19:41,2026-03-19 11:19:41,statistical,medium,30.2,36.7,26.7,31.4,68.0,85.0,65.0,74.4,1005.0,1020.0,1005.0,1012.5,5.4,5.7,1.1,3.9,337.0,345.0,0.0,7.6,0.4,0.5,12.3,55.0,75.0,47.0,59.1,15.2,15.3,9.4,12.7,10,Không mưa,Bao_cao_Bac_Lieu_20260320_001944.csv,20260320,,Bac Lieu
BL_VL,Huyện Vĩnh Lợi - Bạc Liêu,Bạc Liêu,Bac Lieu,Vĩnh Lợi,9.35,105.5667,2026-03-20 00:19:41,2026-03-19 12:19:41,statistical,medium,33.1,36.7,26.7,31.4,65.0,85.0,65.0,74.4,1006.0,1020.0,1005.0,1012.5,1.1,5.7,1.1,3.9,281.0,345.0,0.0,7.6,0.4,0.5,12.3,47.0,75.0,47.0,59.1,15.3,15.3,9.4,12.7,10,Không mưa,Bao_cao_Bac_Lieu_20260320_001944.csv,20260320,,Bac Lieu
BL_VL,Huyện Vĩnh Lợi - Bạc Liêu,Bạc Liêu,Bac Lieu,Vĩnh Lợi,9.35,105.5667,2026-03-20 00:19:41,2026-03-19 13:19:41,statistical,medium,36.1,36.7,26.7,31.4,65.0,85.0,65.0,74.4,1015.0,1020.0,1005.0,1012.5,4.8,5.7,1.1,3.9,242.0,345.0,0.0,7.6,0.4,0.5,12.3,58.0,75.0,47.0,59.1,14.2,15.3,9.4,12.7,10,Không mưa,Bao_cao_Bac_Lieu_20260320_001944.csv,20260320,,Bac Lieu
BL_VL,Huyện Vĩnh Lợi - Bạc Liêu,Bạc Liêu,Bac Lieu,Vĩnh Lợi,9.35,105.5667,2026-03-20 00:19:41,2026-03-19 14:19:41,statistical,medium,36.7,36.7,26.7,31.4,81.0,85.0,65.0,74.4,1007.0,1020.0,1005.0,1012.5,5.3,5.7,1.1,3.9,225.0,345.0,0.0,7.6,0.4,0.5,12.3,54.0,75.0,47.0,59.1,12.1,15.3,9.4,12.7,10,Không mưa,Bao_cao_Bac_Lieu_20260320_001944.csv,20260320,,Bac Lieu
BL_VL,Huyện Vĩnh Lợi - Bạc Liêu,Bạc Liêu,Bac Lieu,Vĩnh Lợi,9.35,105.5667,2026-03-20 00:19:41,2026-03-19 15:19:41,statistical,medium,35.1,36.7,26.7,31.4,80.0,85.0,65.0,74.4,1012.0,1020.0,1005.0,1012.5,5.6,5.7,1.1,3.9,182.0,345.0,0.0,7.6,0.4,0.5,12.3,69.0,75.0,47.0,59.1,11.1,15.3,9.4,12.7,10,Không mưa,Bao_cao_Bac_Lieu_20260320_001944.csv,20260320,,Bac Lieu
BL_VL,Huyện Vĩnh Lợi - Bạc Liêu,Bạc Liêu,Bac Lieu,Vĩnh Lợi,9.35,105.5667,2026-03-20 00:19:41,2026-03-19 16:19:41,statistical,medium,33.7,36.7,26.7,31.4,68.0,85.0,65.0,74.4,1008.0,1020.0,1005.0,1012.5,5.7,5.7,1.1,3.9,335.0,345.0,0.0,7.6,0.4,0.5,12.3,58.0,75.0,47.0,59.1,12.1,15.3,9.4,12.7,10,Không mưa,Bao_cao_Bac_Lieu_20260320_001944.csv,20260320,,Bac Lieu
BL_VL,Huyện Vĩnh Lợi - Bạc Liêu,Bạc Liêu,Bac Lieu,Vĩnh Lợi,9.35,105.5667,2026-03-20 00:19:41,2026-03-19 17:19:41,statistical,medium,33.3,36.7,26.7,31.4,71.0,85.0,65.0,74.4,1012.0,1020.0,1005.0,1012.5,5.3,5.7,1.1,3.9,314.0,345.0,0.0,7.6,0.4,0.5,12.3,65.0,75.0,47.0,59.1,13.3,15.3,9.4,12.7,10,Không mưa,Bao_cao_Bac_Lieu_20260320_001944.csv,20260320,,Bac Lieu
BL_VL,Huyện Vĩnh Lợi - Bạc Liêu,Bạc Liêu,Bac Lieu,Vĩnh Lợi,9.35,105.5667,2026-03-20 00:19:41,2026-03-19 18:19:41,statistical,medium,30.6,36.7,26.7,31.4,78.0,85.0,65.0,74.4,1008.0,1020.0,1005.0,1012.5,2.0,5.7,1.1,3.9,101.0,345.0,0.0,7.6,0.4,0.5,12.3,57.0,75.0,47.0,59.1,12.0,15.3,9.4,12.7,10,Không mưa,Bao_cao_Bac_Lieu_20260320_001944.csv,20260320,,Bac Lieu
BL_VL,Huyện Vĩnh Lợi - Bạc Liêu,Bạc Liêu,Bac Lieu,Vĩnh Lợi,9.35,105.5667,2026-03-20 00:19:41,2026-03-19 19:19:41,statistical,medium,33.9,36.7,26.7,31.4,85.0,85.0,65.0,74.4,1017.0,1020.0,1005.0,1012.5,4.0,5.7,1.1,3.9,9.0,345.0,1.9,7.6,0.4,0.5,12.3,75.0,75.0,47.0,59.1,9.4,15.3,9.4,12.7,15,Mưa,Bao_cao_Bac_Lieu_20260320_001944.csv,20260320,,Bac Lieu
BL_VL,Huyện Vĩnh Lợi - Bạc Liêu,Bạc Liêu,Bac Lieu,Vĩnh Lợi,9.35,105.5667,2026-03-20 00:19:41,2026-03-19 20:19:41,statistical,medium,30.9,36.7,26.7,31.4,72.0,85.0,65.0,74.4,1008.0,1020.0,1005.0,1012.5,2.5,5.7,1.1,3.9,252.0,345.0,7.6,7.6,0.4,0.5,12.3,55.0,75.0,47.0,59.1,14.6,15.3,9.4,12.7,25,Mưa,Bao_cao_Bac_Lieu_20260320_001944.csv,20260320,,Bac Lieu
BL_VL,Huyện Vĩnh Lợi - Bạc Liêu,Bạc Liêu,Bac Lieu,Vĩnh Lợi,9.35,105.5667,2026-03-20 00:19:41,2026-03-19 21:19:41,statistical,medium,33.0,36.7,26.7,31.4,80.0,85.0,65.0,74.4,1009.0,1020.0,1005.0,1012.5,4.0,5.7,1.1,3.9,358.0,345.0,0.0,7.6,0.4,0.5,12.3,69.0,75.0,47.0,59.1,11.8,15.3,9.4,12.7,10,Không mưa,Bao_cao_Bac_Lieu_20260320_001944.csv,20260320,,Bac Lieu
BL_VL,Huyện Vĩnh Lợi - Bạc Liêu,Bạc Liêu,Bac Lieu,Vĩnh Lợi,9.35,105.5667,2026-03-20 00:19:41,2026-03-19 22:19:41,statistical,medium,33.3,36.7,26.7,31.4,84.0,85.0,65.0,74.4,1007.0,1020.0,1005.0,1012.5,3.3,5.7,1.1,3.9,323.0,345.0,1.1,7.6,0.4,0.5,12.3,65.0,75.0,47.0,59.1,10.8,15.3,9.4,12.7,15,Mưa,Bao_cao_Bac_Lieu_20260320_001944.csv,20260320,,Bac Lieu
BL_VL,Huyện Vĩnh Lợi - Bạc Liêu,Bạc Liêu,Bac Lieu,Vĩnh Lợi,9.35,105.5667,2026-03-20 00:19:41,2026-03-19 23:19:41,statistical,medium,30.1,36.7,26.7,31.4,69.0,85.0,65.0,74.4,1018.0,1020.0,1005.0,1012.5,2.1,5.7,1.1,3.9,90.0,345.0,0.0,7.6,0.4,0.5,12.3,57.0,75.0,47.0,59.1,15.0,15.3,9.4,12.7,10,Không mưa,Bao_cao_Bac_Lieu_20260320_001944.csv,20260320,,Bac Lieu
BL_VL,Huyện Vĩnh Lợi - Bạc Liêu,Bạc Liêu,Bac Lieu,Vĩnh Lợi,9.35,105.5667,2026-03-20 00:19:41,2026-03-20 00:19:41,statistical,medium,31.7,31.7,31.7,31.7,78.0,78.0,78.0,78.0,1013.0,1013.0,1013.0,1013.0,2.8,2.8,2.8,2.8,336.0,336.0,0.0,0.0,0.0,0.0,0.0,57.0,57.0,57.0,57.0,12.5,12.5,12.5,12.5,10,Không mưa,Bao_cao_Bac_Lieu_20260320_001944.csv,20260320,,Bac Lieu
BL_DD,Huyện Đông Hải - Bạc Liêu,Bạc Liêu,Bac Lieu,Đông Hải,9.1667,105.4333,2026-03-20 00:19:41,2026-03-19 01:19:41,statistical,medium,24.8,33.9,24.6,29.5,82.0,83.0,65.0,74.1,1007.0,1020.0,1005.0,1012.8,1.1,5.9,1.1,3.7,249.0,81.9,0.0,7.6,0.9,0.9,20.4,62.0,75.0,45.0,59.3,10.5,15.6,10.5,12.7,0,Không mưa,Bao_cao_Bac_Lieu_20260320_001944.csv,20260320,,Bac Lieu
BL_DD,Huyện Đông Hải - Bạc Liêu,Bạc Liêu,Bac Lieu,Đông Hải,9.1667,105.4333,2026-03-20 00:19:41,2026-03-19 02:19:41,statistical,medium,28.1,33.9,24.6,29.5,77.0,83.0,65.0,74.1,1014.0,1020.0,1005.0,1012.8,5.8,5.9,1.1,3.7,174.0,81.9,0.0,7.6,0.9,0.9,20.4,61.0,75.0,45.0,59.3,13.2,15.6,10.5,12.7,5,Không mưa,Bao_cao_Bac_Lieu_20260320_001944.csv,20260320,,Bac Lieu
BL_DD,Huyện Đông Hải - Bạc Liêu,Bạc Liêu,Bac Lieu,Đông Hải,9.1667,105.4333,2026-03-20 00:19:41,2026-03-19 03:19:41,statistical,medium,26.4,33.9,24.6,29.5,72.0,83.0,65.0,74.1,1017.0,1020.0,1005.0,1012.8,5.9,5.9,1.1,3.7,108.0,81.9,0.0,7.6,0.9,0.9,20.4,60.0,75.0,45.0,59.3,13.7,15.6,10.5,12.7,5,Không mưa,Bao_cao_Bac_Lieu_20260320_001944.csv,20260320,,Bac Lieu
BL_DD,Huyện Đông Hải - Bạc Liêu,Bạc Liêu,Bac Lieu,Đông Hải,9.1667,105.4333,2026-03-20 00:19:41,2026-03-19 04:19:41,statistical,medium,27.6,33.9,24.6,29.5,75.0,83.0,65.0,74.1,1007.0,1020.0,1005.0,1012.8,3.9,5.9,1.1,3.7,179.0,81.9,0.0,7.6,0.9,0.9,20.4,55.0,75.0,45.0,59.3,13.2,15.6,10.5,12.7,5,Không mưa,Bao_cao_Bac_Lieu_20260320_001944.csv,20260320,,Bac Lieu
BL_DD,Huyện Đông Hải - Bạc Liêu,Bạc Liêu,Bac Lieu,Đông Hải,9.1667,105.4333,2026-03-20 00:19:41,2026-03-19 05:19:41,statistical,medium,24.6,33.9,24.6,29.5,70.0,83.0,65.0,74.1,1018.0,1020.0,1005.0,1012.8,1.2,5.9,1.1,3.7,307.0,81.9,0.0,7.6,0.9,0.9,20.4,59.0,75.0,45.0,59.3,12.8,15.6,10.5,12.7,0,Không mưa,Bao_cao_Bac_Lieu_20260320_001944.csv,20260320,,Bac Lieu
BL_DD,Huyện Đông Hải - Bạc Liêu,Bạc Liêu,Bac Lieu,Đông Hải,9.1667,105.4333,2026-03-20 00:19:41,2026-03-19 06:19:41,statistical,medium,28.1,33.9,24.6,29.5,68.0,83.0,65.0,74.1,1007.0,1020.0,1005.0,1012.8,5.1,5.9,1.1,3.7,312.0,81.9,0.0,7.6,0.9,0.9,20.4,52.0,75.0,45.0,59.3,15.6,15.6,10.5,12.7,5,Không mưa,Bao_cao_Bac_Lieu_20260320_001944.csv,20260320,,Bac Lieu
BL_DD,Huyện Đông Hải - Bạc Liêu,Bạc Liêu,Bac Lieu,Đông Hải,9.1667,105.4333,2026-03-20 00:19:41,2026-03-19 07:19:41,statistical,medium,27.5,33.9,24.6,29.5,69.0,83.0,65.0,74.1,1009.0,1020.0,1005.0,1012.8,5.8,5.9,1.1,3.7,137.0,81.9,0.0,7.6,0.9,0.9,20.4,45.0,75.0,45.0,59.3,11.7,15.6,10.5,12.7,5,Không mưa,Bao_cao_Bac_Lieu_20260320_001944.csv,20260320,,Bac Lieu
BL_DD,Huyện Đông Hải - Bạc Liêu,Bạc Liêu,Bac Lieu,Đông Hải,9.1667,105.4333,2026-03-20 00:19:41,2026-03-19 08:19:41,statistical,medium,29.2,33.9,24.6,29.5,81.0,83.0,65.0,74.1,1009.0,1020.0,1005.0,1012.8,3.6,5.9,1.1,3.7,92.0,81.9,0.0,7.6,0.9,0.9,20.4,70.0,75.0,45.0,59.3,11.5,15.6,10.5,12.7,5,Không mưa,Bao_cao_Bac_Lieu_20260320_001944.csv,20260320,,Bac Lieu
BL_DD,Huyện Đông Hải - Bạc Liêu,Bạc Liêu,Bac Lieu,Đông Hải,9.1667,105.4333,2026-03-20 00:19:41,2026-03-19 09:19:41,statistical,medium,32.1,33.9,24.6,29.5,81.0,83.0,65.0,74.1,1012.0,1020.0,1005.0,1012.8,1.2,5.9,1.1,3.7,48.0,81.9,0.0,7.6,0.9,0.9,20.4,70.0,75.0,45.0,59.3,12.6,15.6,10.5,12.7,10,Không mưa,Bao_cao_Bac_Lieu_20260320_001944.csv,20260320,,Bac Lieu
BL_DD,Huyện Đông Hải - Bạc Liêu,Bạc Liêu,Bac Lieu,Đông Hải,9.1667,105.4333,2026-03-20 00:19:41,2026-03-19 10:19:41,statistical,medium,31.3,33.9,24.6,29.5,82.0,83.0,65.0,74.1,1015.0,1020.0,1005.0,1012.8,5.9,5.9,1.1,3.7,32.0,81.9,4.5,7.6,0.9,0.9,20.4,69.0,75.0,45.0,59.3,12.5,15.6,10.5,12.7,15,Mưa,Bao_cao_Bac_Lieu_20260320_001944.csv,20260320,,Bac Lieu
BL_DD,Huyện Đông Hải - Bạc Liêu,Bạc Liêu,Bac Lieu,Đông Hải,9.1667,105.4333,2026-03-20 00:19:41,2026-03-19 11:19:41,statistical,medium,29.8,33.9,24.6,29.5,70.0,83.0,65.0,74.1,1012.0,1020.0,1005.0,1012.8,2.4,5.9,1.1,3.7,41.0,81.9,0.0,7.6,0.9,0.9,20.4,50.0,75.0,45.0,59.3,12.0,15.6,10.5,12.7,5,Không mưa,Bao_cao_Bac_Lieu_20260320_001944.csv,20260320,,Bac Lieu
BL_DD,Huyện Đông Hải - Bạc Liêu,Bạc Liêu,Bac Lieu,Đông Hải,9.1667,105.4333,2026-03-20 00:19:41,2026-03-19 12:19:41,statistical,medium,30.2,33.9,24.6,29.5,67.0,83.0,65.0,74.1,1005.0,1020.0,1005.0,1012.8,3.0,5.9,1.1,3.7,93.0,81.9,0.0,7.6,0.9,0.9,20.4,62.0,75.0,45.0,59.3,14.0,15.6,10.5,12.7,10,Không mưa,Bao_cao_Bac_Lieu_20260320_001944.csv,20260320,,Bac Lieu
BL_DD,Huyện Đông Hải - Bạc Liêu,Bạc Liêu,Bac Lieu,Đông Hải,9.1667,105.4333,2026-03-20 00:19:41,2026-03-19 13:19:41,statistical,medium,32.2,33.9,24.6,29.5,82.0,83.0,65.0,74.1,1008.0,1020.0,1005.0,1012.8,4.6,5.9,1.1,3.7,350.0,81.9,0.0,7.6,0.9,0.9,20.4,63.0,75.0,45.0,59.3,11.0,15.6,10.5,12.7,10,Không mưa,Bao_cao_Bac_Lieu_20260320_001944.csv,20260320,,Bac Lieu
BL_DD,Huyện Đông Hải - Bạc Liêu,Bạc Liêu,Bac Lieu,Đông Hải,9.1667,105.4333,2026-03-20 00:19:41,2026-03-19 14:19:41,statistical,medium,33.9,33.9,24.6,29.5,83.0,83.0,65.0,74.1,1012.0,1020.0,1005.0,1012.8,3.6,5.9,1.1,3.7,39.0,81.9,0.0,7.6,0.9,0.9,20.4,75.0,75.0,45.0,59.3,13.3,15.6,10.5,12.7,10,Không mưa,Bao_cao_Bac_Lieu_20260320_001944.csv,20260320,,Bac Lieu
BL_DD,Huyện Đông Hải - Bạc Liêu,Bạc Liêu,Bac Lieu,Đông Hải,9.1667,105.4333,2026-03-20 00:19:41,2026-03-19 15:19:41,statistical,medium,32.9,33.9,24.6,29.5,69.0,83.0,65.0,74.1,1020.0,1020.0,1005.0,1012.8,4.4,5.9,1.1,3.7,94.0,81.9,0.9,7.6,0.9,0.9,20.4,58.0,75.0,45.0,59.3,14.0,15.6,10.5,12.7,10,Mưa,Bao_cao_Bac_Lieu_20260320_001944.csv,20260320,,Bac Lieu
BL_DD,Huyện Đông Hải - Bạc Liêu,Bạc Liêu,Bac Lieu,Đông Hải,9.1667,105.4333,2026-03-20 00:19:41,2026-03-19 16:19:41,statistical,medium,29.6,33.9,24.6,29.5,77.0,83.0,65.0,74.1,1019.0,1020.0,1005.0,1012.8,2.5,5.9,1.1,3.7,91.0,81.9,0.0,7.6,0.9,0.9,20.4,52.0,75.0,45.0,59.3,12.9,15.6,10.5,12.7,5,Không mưa,Bao_cao_Bac_Lieu_20260320_001944.csv,20260320,,Bac Lieu
BL_DD,Huyện Đông Hải - Bạc Liêu,Bạc Liêu,Bac Lieu,Đông Hải,9.1667,105.4333,2026-03-20 00:19:41,2026-03-19 17:19:41,statistical,medium,31.9,33.9,24.6,29.5,65.0,83.0,65.0,74.1,1019.0,1020.0,1005.0,1012.8,3.8,5.9,1.1,3.7,184.0,81.9,0.0,7.6,0.9,0.9,20.4,50.0,75.0,45.0,59.3,13.6,15.6,10.5,12.7,10,Không mưa,Bao_cao_Bac_Lieu_20260320_001944.csv,20260320,,Bac Lieu
BL_DD,Huyện Đông Hải - Bạc Liêu,Bạc Liêu,Bac Lieu,Đông Hải,9.1667,105.4333,2026-03-20 00:19:41,2026-03-19 18:19:41,statistical,medium,28.4,33.9,24.6,29.5,83.0,83.0,65.0,74.1,1019.0,1020.0,1005.0,1012.8,3.3,5.9,1.1,3.7,96.0,81.9,0.0,7.6,0.9,0.9,20.4,71.0,75.0,45.0,59.3,10.5,15.6,10.5,12.7,5,Không mưa,Bao_cao_Bac_Lieu_20260320_001944.csv,20260320,,Bac Lieu
BL_DD,Huyện Đông Hải - Bạc Liêu,Bạc Liêu,Bac Lieu,Đông Hải,9.1667,105.4333,2026-03-20 00:19:41,2026-03-19 19:19:41,statistical,medium,30.9,33.9,24.6,29.5,74.0,83.0,65.0,74.1,1011.0,1020.0,1005.0,1012.8,5.2,5.9,1.1,3.7,274.0,81.9,7.4,7.6,0.9,0.9,20.4,60.0,75.0,45.0,59.3,13.9,15.6,10.5,12.7,25,Mưa,Bao_cao_Bac_Lieu_20260320_001944.csv,20260320,,Bac Lieu
BL_DD,Huyện Đông Hải - Bạc Liêu,Bạc Liêu,Bac Lieu,Đông Hải,9.1667,105.4333,2026-03-20 00:19:41,2026-03-19 20:19:41,statistical,medium,29.2,33.9,24.6,29.5,65.0,83.0,65.0,74.1,1017.0,1020.0,1005.0,1012.8,4.9,5.9,1.1,3.7,195.0,81.9,0.0,7.6,0.9,0.9,20.4,59.0,75.0,45.0,59.3,14.4,15.6,10.5,12.7,5,Không mưa,Bao_cao_Bac_Lieu_20260320_001944.csv,20260320,,Bac Lieu
BL_DD,Huyện Đông Hải - Bạc Liêu,Bạc Liêu,Bac Lieu,Đông Hải,9.1667,105.4333,2026-03-20 00:19:41,2026-03-19 21:19:41,statistical,medium,32.0,33.9,24.6,29.5,68.0,83.0,65.0,74.1,1016.0,1020.0,1005.0,1012.8,2.6,5.9,1.1,3.7,319.0,81.9,0.0,7.6,0.9,0.9,20.4,56.0,75.0,45.0,59.3,11.8,15.6,10.5,12.7,10,Không mưa,Bao_cao_Bac_Lieu_20260320_001944.csv,20260320,,Bac Lieu
BL_DD,Huyện Đông Hải - Bạc Liêu,Bạc Liêu,Bac Lieu,Đông Hải,9.1667,105.4333,2026-03-20 00:19:41,2026-03-19 22:19:41,statistical,medium,28.6,33.9,24.6,29.5,74.0,83.0,65.0,74.1,1007.0,1020.0,1005.0,1012.8,2.6,5.9,1.1,3.7,352.0,81.9,7.6,7.6,0.9,0.9,20.4,55.0,75.0,45.0,59.3,11.3,15.6,10.5,12.7,20,Mưa,Bao_cao_Bac_Lieu_20260320_001944.csv,20260320,,Bac Lieu
BL_DD,Huyện Đông Hải - Bạc Liêu,Bạc Liêu,Bac Lieu,Đông Hải,9.1667,105.4333,2026-03-20 00:19:41,2026-03-19 23:19:41,statistical,medium,30.3,33.9,24.6,29.5,71.0,83.0,65.0,74.1,1014.0,1020.0,1005.0,1012.8,3.6,5.9,1.1,3.7,138.0,81.9,0.0,7.6,0.9,0.9,20.4,50.0,75.0,45.0,59.3,12.5,15.6,10.5,12.7,10,Không mưa,Bao_cao_Bac_Lieu_20260320_001944.csv,20260320,,Bac Lieu
BL_DD,Huyện Đông Hải - Bạc Liêu,Bạc Liêu,Bac Lieu,Đông Hải,9.1667,105.4333,2026-03-20 00:19:41,2026-03-20 00:19:41,statistical,medium,30.3,30.3,30.3,30.3,79.0,79.0,79.0,79.0,1010.0,1010.0,1010.0,1010.0,1.8,1.8,1.8,1.8,354.0,354.0,0.0,0.0,0.0,0.0,0.0,55.0,55.0,55.0,55.0,10.2,10.2,10.2,10.2,10,Không mưa,Bao_cao_Bac_Lieu_20260320_001944.csv,20260320,,Bac Lieu
BL_BL,Thành phố Bạc Liêu - Bạc Liêu,Bạc Liêu,Bac Lieu,Bạc Liêu,9.2833,105.7167,2026-03-20 00:19:40,2026-03-19 01:19:40,statistical,medium,28.1,36.9,26.6,31.4,80.0,82.0,65.0,73.2,1018.0,1020.0,1007.0,1013.5,3.0,5.9,1.2,3.7,263.0,42.3,2.8,7.8,1.9,0.5,12.5,65.0,73.0,44.0,56.9,10.3,16.0,10.0,12.7,10,Mưa,Bao_cao_Bac_Lieu_20260320_001944.csv,20260320,,Bac Lieu
BL_BL,Thành phố Bạc Liêu - Bạc Liêu,Bạc Liêu,Bac Lieu,Bạc Liêu,9.2833,105.7167,2026-03-20 00:19:40,2026-03-19 02:19:40,statistical,medium,28.7,36.9,26.6,31.4,71.0,82.0,65.0,73.2,1014.0,1020.0,1007.0,1013.5,2.7,5.9,1.2,3.7,172.0,42.3,0.0,7.8,1.9,0.5,12.5,49.0,73.0,44.0,56.9,12.4,16.0,10.0,12.7,5,Không mưa,Bao_cao_Bac_Lieu_20260320_001944.csv,20260320,,Bac Lieu
BL_BL,Thành phố Bạc Liêu - Bạc Liêu,Bạc Liêu,Bac Lieu,Bạc Liêu,9.2833,105.7167,2026-03-20 00:19:40,2026-03-19 03:19:40,statistical,medium,27.7,36.9,26.6,31.4,69.0,82.0,65.0,73.2,1010.0,1020.0,1007.0,1013.5,1.2,5.9,1.2,3.7,149.0,42.3,0.0,7.8,1.9,0.5,12.5,45.0,73.0,44.0,56.9,12.9,16.0,10.0,12.7,5,Không mưa,Bao_cao_Bac_Lieu_20260320_001944.csv,20260320,,Bac Lieu
BL_BL,Thành phố Bạc Liêu - Bạc Liêu,Bạc Liêu,Bac Lieu,Bạc Liêu,9.2833,105.7167,2026-03-20 00:19:40,2026-03-19 04:19:40,statistical,medium,29.9,36.9,26.6,31.4,81.0,82.0,65.0,73.2,1008.0,1020.0,1007.0,1013.5,3.0,5.9,1.2,3.7,135.0,42.3,0.0,7.8,1.9,0.5,12.5,68.0,73.0,44.0,56.9,13.1,16.0,10.0,12.7,5,Không mưa,Bao_cao_Bac_Lieu_20260320_001944.csv,20260320,,Bac Lieu
BL_BL,Thành phố Bạc Liêu - Bạc Liêu,Bạc Liêu,Bac Lieu,Bạc Liêu,9.2833,105.7167,2026-03-20 00:19:40,2026-03-19 05:19:40,statistical,medium,26.6,36.9,26.6,31.4,65.0,82.0,65.0,73.2,1019.0,1020.0,1007.0,1013.5,5.9,5.9,1.2,3.7,96.0,42.3,0.0,7.8,1.9,0.5,12.5,52.0,73.0,44.0,56.9,16.0,16.0,10.0,12.7,5,Không mưa,Bao_cao_Bac_Lieu_20260320_001944.csv,20260320,,Bac Lieu
BL_BL,Thành phố Bạc Liêu - Bạc Liêu,Bạc Liêu,Bac Lieu,Bạc Liêu,9.2833,105.7167,2026-03-20 00:19:40,2026-03-19 06:19:40,statistical,medium,28.3,36.9,26.6,31.4,82.0,82.0,65.0,73.2,1014.0,1020.0,1007.0,1013.5,2.3,5.9,1.2,3.7,10.0,42.3,1.9,7.8,1.9,0.5,12.5,56.0,73.0,44.0,56.9,11.5,16.0,10.0,12.7,10,Mưa,Bao_cao_Bac_Lieu_20260320_001944.csv,20260320,,Bac Lieu
BL_BL,Thành phố Bạc Liêu - Bạc Liêu,Bạc Liêu,Bac Lieu,Bạc Liêu,9.2833,105.7167,2026-03-20 00:19:40,2026-03-19 07:19:40,statistical,medium,26.6,36.9,26.6,31.4,79.0,82.0,65.0,73.2,1020.0,1020.0,1007.0,1013.5,4.3,5.9,1.2,3.7,97.0,42.3,0.0,7.8,1.9,0.5,12.5,73.0,73.0,44.0,56.9,14.0,16.0,10.0,12.7,5,Không mưa,Bao_cao_Bac_Lieu_20260320_001944.csv,20260320,,Bac Lieu
BL_BL,Thành phố Bạc Liêu - Bạc Liêu,Bạc Liêu,Bac Lieu,Bạc Liêu,9.2833,105.7167,2026-03-20 00:19:40,2026-03-19 08:19:40,statistical,medium,30.2,36.9,26.6,31.4,72.0,82.0,65.0,73.2,1010.0,1020.0,1007.0,1013.5,3.6,5.9,1.2,3.7,318.0,42.3,0.0,7.8,1.9,0.5,12.5,47.0,73.0,44.0,56.9,12.1,16.0,10.0,12.7,10,Không mưa,Bao_cao_Bac_Lieu_20260320_001944.csv,20260320,,Bac Lieu
BL_BL,Thành phố Bạc Liêu - Bạc Liêu,Bạc Liêu,Bac Lieu,Bạc Liêu,9.2833,105.7167,2026-03-20 00:19:40,2026-03-19 09:19:40,statistical,medium,33.3,36.9,26.6,31.4,79.0,82.0,65.0,73.2,1012.0,1020.0,1007.0,1013.5,5.7,5.9,1.2,3.7,136.0,42.3,0.0,7.8,1.9,0.5,12.5,57.0,73.0,44.0,56.9,10.7,16.0,10.0,12.7,10,Không mưa,Bao_cao_Bac_Lieu_20260320_001944.csv,20260320,,Bac Lieu
BL_BL,Thành phố Bạc Liêu - Bạc Liêu,Bạc Liêu,Bac Lieu,Bạc Liêu,9.2833,105.7167,2026-03-20 00:19:40,2026-03-19 10:19:40,statistical,medium,33.1,36.9,26.6,31.4,71.0,82.0,65.0,73.2,1017.0,1020.0,1007.0,1013.5,3.6,5.9,1.2,3.7,319.0,42.3,0.0,7.8,1.9,0.5,12.5,64.0,73.0,44.0,56.9,11.8,16.0,10.0,12.7,10,Không mưa,Bao_cao_Bac_Lieu_20260320_001944.csv,20260320,,Bac Lieu
BL_BL,Thành phố Bạc Liêu - Bạc Liêu,Bạc Liêu,Bac Lieu,Bạc Liêu,9.2833,105.7167,2026-03-20 00:19:40,2026-03-19 11:19:40,statistical,medium,33.8,36.9,26.6,31.4,65.0,82.0,65.0,73.2,1015.0,1020.0,1007.0,1013.5,4.8,5.9,1.2,3.7,177.0,42.3,0.0,7.8,1.9,0.5,12.5,54.0,73.0,44.0,56.9,15.5,16.0,10.0,12.7,10,Không mưa,Bao_cao_Bac_Lieu_20260320_001944.csv,20260320,,Bac Lieu
BL_BL,Thành phố Bạc Liêu - Bạc Liêu,Bạc Liêu,Bac Lieu,Bạc Liêu,9.2833,105.7167,2026-03-20 00:19:40,2026-03-19 12:19:40,statistical,medium,30.8,36.9,26.6,31.4,67.0,82.0,65.0,73.2,1016.0,1020.0,1007.0,1013.5,2.6,5.9,1.2,3.7,86.0,42.3,7.8,7.8,1.9,0.5,12.5,53.0,73.0,44.0,56.9,14.7,16.0,10.0,12.7,25,Mưa,Bao_cao_Bac_Lieu_20260320_001944.csv,20260320,,Bac Lieu
BL_BL,Thành phố Bạc Liêu - Bạc Liêu,Bạc Liêu,Bac Lieu,Bạc Liêu,9.2833,105.7167,2026-03-20 00:19:40,2026-03-19 13:19:40,statistical,medium,36.9,36.9,26.6,31.4,81.0,82.0,65.0,73.2,1019.0,1020.0,1007.0,1013.5,5.3,5.9,1.2,3.7,271.0,42.3,0.0,7.8,1.9,0.5,12.5,69.0,73.0,44.0,56.9,10.0,16.0,10.0,12.7,10,Không mưa,Bao_cao_Bac_Lieu_20260320_001944.csv,20260320,,Bac Lieu
BL_BL,Thành phố Bạc Liêu - Bạc Liêu,Bạc Liêu,Bac Lieu,Bạc Liêu,9.2833,105.7167,2026-03-20 00:19:40,2026-03-19 14:19:40,statistical,medium,36.1,36.9,26.6,31.4,65.0,82.0,65.0,73.2,1010.0,1020.0,1007.0,1013.5,5.0,5.9,1.2,3.7,11.0,42.3,0.0,7.8,1.9,0.5,12.5,56.0,73.0,44.0,56.9,12.4,16.0,10.0,12.7,10,Không mưa,Bao_cao_Bac_Lieu_20260320_001944.csv,20260320,,Bac Lieu
BL_BL,Thành phố Bạc Liêu - Bạc Liêu,Bạc Liêu,Bac Lieu,Bạc Liêu,9.2833,105.7167,2026-03-20 00:19:40,2026-03-19 15:19:40,statistical,medium,35.0,36.9,26.6,31.4,67.0,82.0,65.0,73.2,1020.0,1020.0,1007.0,1013.5,4.8,5.9,1.2,3.7,239.0,42.3,0.0,7.8,1.9,0.5,12.5,44.0,73.0,44.0,56.9,15.3,16.0,10.0,12.7,10,Không mưa,Bao_cao_Bac_Lieu_20260320_001944.csv,20260320,,Bac Lieu
BL_BL,Thành phố Bạc Liêu - Bạc Liêu,Bạc Liêu,Bac Lieu,Bạc Liêu,9.2833,105.7167,2026-03-20 00:19:40,2026-03-19 16:19:40,statistical,medium,33.5,36.9,26.6,31.4,70.0,82.0,65.0,73.2,1009.0,1020.0,1007.0,1013.5,3.4,5.9,1.2,3.7,311.0,42.3,0.0,7.8,1.9,0.5,12.5,52.0,73.0,44.0,56.9,12.8,16.0,10.0,12.7,10,Không mưa,Bao_cao_Bac_Lieu_20260320_001944.csv,20260320,,Bac Lieu
BL_BL,Thành phố Bạc Liêu - Bạc Liêu,Bạc Liêu,Bac Lieu,Bạc Liêu,9.2833,105.7167,2026-03-20 00:19:40,2026-03-19 17:19:40,statistical,medium,31.2,36.9,26.6,31.4,71.0,82.0,65.0,73.2,1015.0,1020.0,1007.0,1013.5,5.1,5.9,1.2,3.7,3.0,42.3,0.0,7.8,1.9,0.5,12.5,60.0,73.0,44.0,56.9,11.9,16.0,10.0,12.7,10,Không mưa,Bao_cao_Bac_Lieu_20260320_001944.csv,20260320,,Bac Lieu
BL_BL,Thành phố Bạc Liêu - Bạc Liêu,Bạc Liêu,Bac Lieu,Bạc Liêu,9.2833,105.7167,2026-03-20 00:19:40,2026-03-19 18:19:40,statistical,medium,32.1,36.9,26.6,31.4,69.0,82.0,65.0,73.2,1007.0,1020.0,1007.0,1013.5,1.3,5.9,1.2,3.7,318.0,42.3,0.0,7.8,1.9,0.5,12.5,54.0,73.0,44.0,56.9,12.2,16.0,10.0,12.7,10,Không mưa,Bao_cao_Bac_Lieu_20260320_001944.csv,20260320,,Bac Lieu
BL_BL,Thành phố Bạc Liêu - Bạc Liêu,Bạc Liêu,Bac Lieu,Bạc Liêu,9.2833,105.7167,2026-03-20 00:19:40,2026-03-19 19:19:40,statistical,medium,31.9,36.9,26.6,31.4,82.0,82.0,65.0,73.2,1017.0,1020.0,1007.0,1013.5,3.6,5.9,1.2,3.7,50.0,42.3,0.0,7.8,1.9,0.5,12.5,58.0,73.0,44.0,56.9,10.8,16.0,10.0,12.7,10,Không mưa,Bao_cao_Bac_Lieu_20260320_001944.csv,20260320,,Bac Lieu
BL_BL,Thành phố Bạc Liêu - Bạc Liêu,Bạc Liêu,Bac Lieu,Bạc Liêu,9.2833,105.7167,2026-03-20 00:19:40,2026-03-19 20:19:40,statistical,medium,33.2,36.9,26.6,31.4,68.0,82.0,65.0,73.2,1008.0,1020.0,1007.0,1013.5,3.7,5.9,1.2,3.7,106.0,42.3,0.0,7.8,1.9,0.5,12.5,52.0,73.0,44.0,56.9,14.8,16.0,10.0,12.7,10,Không mưa,Bao_cao_Bac_Lieu_20260320_001944.csv,20260320,,Bac Lieu
BL_BL,Thành phố Bạc Liêu - Bạc Liêu,Bạc Liêu,Bac Lieu,Bạc Liêu,9.2833,105.7167,2026-03-20 00:19:40,2026-03-19 21:19:40,statistical,medium,31.5,36.9,26.6,31.4,81.0,82.0,65.0,73.2,1009.0,1020.0,1007.0,1013.5,2.2,5.9,1.2,3.7,124.0,42.3,0.0,7.8,1.9,0.5,12.5,69.0,73.0,44.0,56.9,12.2,16.0,10.0,12.7,10,Không mưa,Bao_cao_Bac_Lieu_20260320_001944.csv,20260320,,Bac Lieu
BL_BL,Thành phố Bạc Liêu - Bạc Liêu,Bạc Liêu,Bac Lieu,Bạc Liêu,9.2833,105.7167,2026-03-20 00:19:40,2026-03-19 22:19:40,statistical,medium,31.7,36.9,26.6,31.4,68.0,82.0,65.0,73.2,1010.0,1020.0,1007.0,1013.5,3.4,5.9,1.2,3.7,15.0,42.3,0.0,7.8,1.9,0.5,12.5,44.0,73.0,44.0,56.9,12.1,16.0,10.0,12.7,10,Không mưa,Bao_cao_Bac_Lieu_20260320_001944.csv,20260320,,Bac Lieu
BL_BL,Thành phố Bạc Liêu - Bạc Liêu,Bạc Liêu,Bac Lieu,Bạc Liêu,9.2833,105.7167,2026-03-20 00:19:40,2026-03-19 23:19:40,statistical,medium,31.6,36.9,26.6,31.4,81.0,82.0,65.0,73.2,1014.0,1020.0,1007.0,1013.5,4.1,5.9,1.2,3.7,331.0,42.3,0.0,7.8,1.9,0.5,12.5,67.0,73.0,44.0,56.9,13.3,16.0,10.0,12.7,10,Không mưa,Bao_cao_Bac_Lieu_20260320_001944.csv,20260320,,Bac Lieu
BL_BL,Thành phố Bạc Liêu - Bạc Liêu,Bạc Liêu,Bac Lieu,Bạc Liêu,9.2833,105.7167,2026-03-20 00:19:40,2026-03-20 00:19:40,statistical,medium,30.6,30.6,30.6,30.6,72.0,72.0,72.0,72.0,1016.0,1016.0,1016.0,1016.0,4.3,4.3,4.3,4.3,100.0,100.0,0.0,0.0,0.0,0.0,0.0,66.0,66.0,66.0,66.0,13.7,13.7,13.7,13.7,10,Không mưa,Bao_cao_Bac_Lieu_20260320_001944.csv,20260320,,Bac Lieu
BL_GD,Thị xã Giá Rai - Bạc Liêu,Bạc Liêu,Bac Lieu,Giá Rai,9.2333,105.4667,2026-03-20 00:19:40,2026-03-19 01:19:40,statistical,medium,27.2,36.4,26.0,30.7,74.0,84.0,66.0,72.8,1016.0,1020.0,1005.0,1012.5,2.6,6.0,1.0,3.8,329.0,149.0,0.0,5.6,2.6,0.7,17.0,61.0,71.0,43.0,56.7,14.1,15.0,9.7,12.7,5,Không mưa,Bao_cao_Bac_Lieu_20260320_001944.csv,20260320,,Bac Lieu
BL_GD,Thị xã Giá Rai - Bạc Liêu,Bạc Liêu,Bac Lieu,Giá Rai,9.2333,105.4667,2026-03-20 00:19:40,2026-03-19 02:19:40,statistical,medium,28.9,36.4,26.0,30.7,84.0,84.0,66.0,72.8,1008.0,1020.0,1005.0,1012.5,2.9,6.0,1.0,3.8,176.0,149.0,0.0,5.6,2.6,0.7,17.0,71.0,71.0,43.0,56.7,11.2,15.0,9.7,12.7,5,Không mưa,Bao_cao_Bac_Lieu_20260320_001944.csv,20260320,,Bac Lieu
BL_GD,Thị xã Giá Rai - Bạc Liêu,Bạc Liêu,Bac Lieu,Giá Rai,9.2333,105.4667,2026-03-20 00:19:40,2026-03-19 03:19:40,statistical,medium,26.2,36.4,26.0,30.7,66.0,84.0,66.0,72.8,1005.0,1020.0,1005.0,1012.5,4.8,6.0,1.0,3.8,113.0,149.0,0.0,5.6,2.6,0.7,17.0,43.0,71.0,43.0,56.7,14.9,15.0,9.7,12.7,5,Không mưa,Bao_cao_Bac_Lieu_20260320_001944.csv,20260320,,Bac Lieu
BL_GD,Thị xã Giá Rai - Bạc Liêu,Bạc Liêu,Bac Lieu,Giá Rai,9.2333,105.4667,2026-03-20 00:19:40,2026-03-19 04:19:40,statistical,medium,28.1,36.4,26.0,30.7,67.0,84.0,66.0,72.8,1020.0,1020.0,1005.0,1012.5,1.0,6.0,1.0,3.8,194.0,149.0,0.0,5.6,2.6,0.7,17.0,49.0,71.0,43.0,56.7,14.1,15.0,9.7,12.7,5,Không mưa,Bao_cao_Bac_Lieu_20260320_001944.csv,20260320,,Bac Lieu
BL_GD,Thị xã Giá Rai - Bạc Liêu,Bạc Liêu,Bac Lieu,Giá Rai,9.2333,105.4667,2026-03-20 00:19:40,2026-03-19 05:19:40,statistical,medium,26.4,36.4,26.0,30.7,72.0,84.0,66.0,72.8,1010.0,1020.0,1005.0,1012.5,3.9,6.0,1.0,3.8,129.0,149.0,0.0,5.6,2.6,0.7,17.0,52.0,71.0,43.0,56.7,11.3,15.0,9.7,12.7,5,Không mưa,Bao_cao_Bac_Lieu_20260320_001944.csv,20260320,,Bac Lieu
BL_GD,Thị xã Giá Rai - Bạc Liêu,Bạc Liêu,Bac Lieu,Giá Rai,9.2333,105.4667,2026-03-20 00:19:40,2026-03-19 06:19:40,statistical,medium,26.0,36.4,26.0,30.7,68.0,84.0,66.0,72.8,1010.0,1020.0,1005.0,1012.5,2.2,6.0,1.0,3.8,249.0,149.0,2.6,5.6,2.6,0.7,17.0,63.0,71.0,43.0,56.7,12.5,15.0,9.7,12.7,10,Mưa,Bao_cao_Bac_Lieu_20260320_001944.csv,20260320,,Bac Lieu
BL_GD,Thị xã Giá Rai - Bạc Liêu,Bạc Liêu,Bac Lieu,Giá Rai,9.2333,105.4667,2026-03-20 00:19:40,2026-03-19 07:19:40,statistical,medium,28.1,36.4,26.0,30.7,84.0,84.0,66.0,72.8,1014.0,1020.0,1005.0,1012.5,5.1,6.0,1.0,3.8,333.0,149.0,0.0,5.6,2.6,0.7,17.0,65.0,71.0,43.0,56.7,11.7,15.0,9.7,12.7,5,Không mưa,Bao_cao_Bac_Lieu_20260320_001944.csv,20260320,,Bac Lieu
BL_GD,Thị xã Giá Rai - Bạc Liêu,Bạc Liêu,Bac Lieu,Giá Rai,9.2333,105.4667,2026-03-20 00:19:40,2026-03-19 08:19:40,statistical,medium,31.7,36.4,26.0,30.7,78.0,84.0,66.0,72.8,1011.0,1020.0,1005.0,1012.5,4.7,6.0,1.0,3.8,273.0,149.0,0.0,5.6,2.6,0.7,17.0,69.0,71.0,43.0,56.7,11.2,15.0,9.7,12.7,10,Không mưa,Bao_cao_Bac_Lieu_20260320_001944.csv,20260320,,Bac Lieu
BL_GD,Thị xã Giá Rai - Bạc Liêu,Bạc Liêu,Bac Lieu,Giá Rai,9.2333,105.4667,2026-03-20 00:19:40,2026-03-19 09:19:40,statistical,medium,33.1,36.4,26.0,30.7,72.0,84.0,66.0,72.8,1012.0,1020.0,1005.0,1012.5,1.6,6.0,1.0,3.8,257.0,149.0,4.9,5.6,2.6,0.7,17.0,49.0,71.0,43.0,56.7,12.0,15.0,9.7,12.7,15,Mưa,Bao_cao_Bac_Lieu_20260320_001944.csv,20260320,,Bac Lieu
BL_GD,Thị xã Giá Rai - Bạc Liêu,Bạc Liêu,Bac Lieu,Giá Rai,9.2333,105.4667,2026-03-20 00:19:40,2026-03-19 10:19:40,statistical,medium,33.0,36.4,26.0,30.7,66.0,84.0,66.0,72.8,1020.0,1020.0,1005.0,1012.5,3.5,6.0,1.0,3.8,48.0,149.0,0.0,5.6,2.6,0.7,17.0,46.0,71.0,43.0,56.7,12.6,15.0,9.7,12.7,10,Không mưa,Bao_cao_Bac_Lieu_20260320_001944.csv,20260320,,Bac Lieu
BL_GD,Thị xã Giá Rai - Bạc Liêu,Bạc Liêu,Bac Lieu,Giá Rai,9.2333,105.4667,2026-03-20 00:19:40,2026-03-19 11:19:40,statistical,medium,31.1,36.4,26.0,30.7,82.0,84.0,66.0,72.8,1016.0,1020.0,1005.0,1012.5,3.5,6.0,1.0,3.8,17.0,149.0,0.0,5.6,2.6,0.7,17.0,56.0,71.0,43.0,56.7,9.7,15.0,9.7,12.7,10,Không mưa,Bao_cao_Bac_Lieu_20260320_001944.csv,20260320,,Bac Lieu
BL_GD,Thị xã Giá Rai - Bạc Liêu,Bạc Liêu,Bac Lieu,Giá Rai,9.2333,105.4667,2026-03-20 00:19:40,2026-03-19 12:19:40,statistical,medium,32.9,36.4,26.0,30.7,80.0,84.0,66.0,72.8,1019.0,1020.0,1005.0,1012.5,5.2,6.0,1.0,3.8,29.0,149.0,3.9,5.6,2.6,0.7,17.0,58.0,71.0,43.0,56.7,11.1,15.0,9.7,12.7,15,Mưa,Bao_cao_Bac_Lieu_20260320_001944.csv,20260320,,Bac Lieu
BL_GD,Thị xã Giá Rai - Bạc Liêu,Bạc Liêu,Bac Lieu,Giá Rai,9.2333,105.4667,2026-03-20 00:19:40,2026-03-19 13:19:40,statistical,medium,36.4,36.4,26.0,30.7,70.0,84.0,66.0,72.8,1019.0,1020.0,1005.0,1012.5,6.0,6.0,1.0,3.8,33.0,149.0,0.0,5.6,2.6,0.7,17.0,55.0,71.0,43.0,56.7,15.0,15.0,9.7,12.7,10,Không mưa,Bao_cao_Bac_Lieu_20260320_001944.csv,20260320,,Bac Lieu
BL_GD,Thị xã Giá Rai - Bạc Liêu,Bạc Liêu,Bac Lieu,Giá Rai,9.2333,105.4667,2026-03-20 00:19:40,2026-03-19 14:19:40,statistical,medium,32.9,36.4,26.0,30.7,67.0,84.0,66.0,72.8,1010.0,1020.0,1005.0,1012.5,4.0,6.0,1.0,3.8,145.0,149.0,0.0,5.6,2.6,0.7,17.0,52.0,71.0,43.0,56.7,12.3,15.0,9.7,12.7,10,Không mưa,Bao_cao_Bac_Lieu_20260320_001944.csv,20260320,,Bac Lieu
BL_GD,Thị xã Giá Rai - Bạc Liêu,Bạc Liêu,Bac Lieu,Giá Rai,9.2333,105.4667,2026-03-20 00:19:40,2026-03-19 15:19:40,statistical,medium,33.3,36.4,26.0,30.7,68.0,84.0,66.0,72.8,1015.0,1020.0,1005.0,1012.5,4.0,6.0,1.0,3.8,110.0,149.0,0.0,5.6,2.6,0.7,17.0,56.0,71.0,43.0,56.7,14.7,15.0,9.7,12.7,10,Không mưa,Bao_cao_Bac_Lieu_20260320_001944.csv,20260320,,Bac Lieu
BL_GD,Thị xã Giá Rai - Bạc Liêu,Bạc Liêu,Bac Lieu,Giá Rai,9.2333,105.4667,2026-03-20 00:19:40,2026-03-19 16:19:40,statistical,medium,31.5,36.4,26.0,30.7,72.0,84.0,66.0,72.8,1008.0,1020.0,1005.0,1012.5,4.2,6.0,1.0,3.8,123.0,149.0,0.0,5.6,2.6,0.7,17.0,55.0,71.0,43.0,56.7,13.0,15.0,9.7,12.7,10,Không mưa,Bao_cao_Bac_Lieu_20260320_001944.csv,20260320,,Bac Lieu
BL_GD,Thị xã Giá Rai - Bạc Liêu,Bạc Liêu,Bac Lieu,Giá Rai,9.2333,105.4667,2026-03-20 00:19:40,2026-03-19 17:19:40,statistical,medium,29.7,36.4,26.0,30.7,74.0,84.0,66.0,72.8,1009.0,1020.0,1005.0,1012.5,3.4,6.0,1.0,3.8,247.0,149.0,0.0,5.6,2.6,0.7,17.0,61.0,71.0,43.0,56.7,14.6,15.0,9.7,12.7,5,Không mưa,Bao_cao_Bac_Lieu_20260320_001944.csv,20260320,,Bac Lieu
BL_GD,Thị xã Giá Rai - Bạc Liêu,Bạc Liêu,Bac Lieu,Giá Rai,9.2333,105.4667,2026-03-20 00:19:40,2026-03-19 18:19:40,statistical,medium,32.3,36.4,26.0,30.7,83.0,84.0,66.0,72.8,1017.0,1020.0,1005.0,1012.5,5.0,6.0,1.0,3.8,201.0,149.0,5.6,5.6,2.6,0.7,17.0,59.0,71.0,43.0,56.7,11.8,15.0,9.7,12.7,25,Mưa,Bao_cao_Bac_Lieu_20260320_001944.csv,20260320,,Bac Lieu
BL_GD,Thị xã Giá Rai - Bạc Liêu,Bạc Liêu,Bac Lieu,Giá Rai,9.2333,105.4667,2026-03-20 00:19:40,2026-03-19 19:19:40,statistical,medium,33.1,36.4,26.0,30.7,67.0,84.0,66.0,72.8,1018.0,1020.0,1005.0,1012.5,5.6,6.0,1.0,3.8,19.0,149.0,0.0,5.6,2.6,0.7,17.0,49.0,71.0,43.0,56.7,14.8,15.0,9.7,12.7,10,Không mưa,Bao_cao_Bac_Lieu_20260320_001944.csv,20260320,,Bac Lieu
BL_GD,Thị xã Giá Rai - Bạc Liêu,Bạc Liêu,Bac Lieu,Giá Rai,9.2333,105.4667,2026-03-20 00:19:40,2026-03-19 20:19:40,statistical,medium,30.7,36.4,26.0,30.7,72.0,84.0,66.0,72.8,1005.0,1020.0,1005.0,1012.5,5.8,6.0,1.0,3.8,129.0,149.0,0.0,5.6,2.6,0.7,17.0,63.0,71.0,43.0,56.7,12.5,15.0,9.7,12.7,10,Không mưa,Bao_cao_Bac_Lieu_20260320_001944.csv,20260320,,Bac Lieu
BL_GD,Thị xã Giá Rai - Bạc Liêu,Bạc Liêu,Bac Lieu,Giá Rai,9.2333,105.4667,2026-03-20 00:19:40,2026-03-19 21:19:40,statistical,medium,31.7,36.4,26.0,30.7,67.0,84.0,66.0,72.8,1015.0,1020.0,1005.0,1012.5,3.1,6.0,1.0,3.8,125.0,149.0,0.0,5.6,2.6,0.7,17.0,52.0,71.0,43.0,56.7,12.7,15.0,9.7,12.7,10,Không mưa,Bao_cao_Bac_Lieu_20260320_001944.csv,20260320,,Bac Lieu
BL_GD,Thị xã Giá Rai - Bạc Liêu,Bạc Liêu,Bac Lieu,Giá Rai,9.2333,105.4667,2026-03-20 00:19:40,2026-03-19 22:19:40,statistical,medium,30.6,36.4,26.0,30.7,70.0,84.0,66.0,72.8,1005.0,1020.0,1005.0,1012.5,3.3,6.0,1.0,3.8,301.0,149.0,0.0,5.6,2.6,0.7,17.0,54.0,71.0,43.0,56.7,13.7,15.0,9.7,12.7,10,Không mưa,Bao_cao_Bac_Lieu_20260320_001944.csv,20260320,,Bac Lieu
BL_GD,Thị xã Giá Rai - Bạc Liêu,Bạc Liêu,Bac Lieu,Giá Rai,9.2333,105.4667,2026-03-20 00:19:40,2026-03-19 23:19:40,statistical,medium,31.6,36.4,26.0,30.7,71.0,84.0,66.0,72.8,1005.0,1020.0,1005.0,1012.5,1.6,6.0,1.0,3.8,224.0,149.0,0.0,5.6,2.6,0.7,17.0,66.0,71.0,43.0,56.7,11.5,15.0,9.7,12.7,10,Không mưa,Bao_cao_Bac_Lieu_20260320_001944.csv,20260320,,Bac Lieu
BL_GD,Thị xã Giá Rai - Bạc Liêu,Bạc Liêu,Bac Lieu,Giá Rai,9.2333,105.4667,2026-03-20 00:19:40,2026-03-20 00:19:40,statistical,medium,32.5,32.5,32.5,32.5,72.0,72.0,72.0,72.0,1008.0,1008.0,1008.0,1008.0,1.6,1.6,1.6,1.6,79.0,79.0,0.0,0.0,0.0,0.0,0.0,54.0,54.0,54.0,54.0,11.9,11.9,11.9,11.9,10,Không mưa,Bao_cao_Bac_Lieu_20260320_001944.csv,20260320,,Bac Lieu
