DANH SÁCH TRẠM QUAN TRẮC THEO TỈNH THÀNH,Unnamed: 1,Unnamed: 2,Unnamed: 3,Unnamed: 4,Unnamed: 5,Unnamed: 6,Unnamed: 7,Unnamed: 8
3.0,Hòa Bình,-149,Thành phố,15.81295,106.3308,258.5,Khí tượng thủy văn,vrain.vn (tổng hợp)
3.0,Tỉnh/TP,Tên Trạm,Huyện/Quận,15.81295,106.3308,258.5,Loại trạm,Nguồn dữ liệu
1.0,An Giang,Trạm khí tượng Đông An Giang 2,Thành phố,10.3865,105.4351,192.0,Khí tượng thủy văn,vrain.vn (tổng hợp)
2.0,An Giang,Trạm đo Đông An Giang,Quận 2,10.3865,105.4351,240.0,Khí tượng thủy văn,vrain.vn (tổng hợp)
3.0,An Giang,Trạm đo Đông An Giang 3,Thành phố,10.3865,105.4351,385.0,Khí tượng thủy văn,vrain.vn (tổng hợp)
4.0,An Giang,Đài Nam An Giang 4,Thành phố,10.3865,105.4351,6.0,Khí tượng thủy văn,vrain.vn (tổng hợp)
3.0,Tổng số trạm An Giang:,-1,Thành phố,15.81295,106.3308,258.5,Khí tượng thủy văn,vrain.vn (tổng hợp)
1.0,Bà Rịa - Vũng Tàu,Trạm quan trắc Ngoại thành Bà Rịa - Vũng Tàu,Thành phố,10.346,107.0843,98.0,Khí tượng thủy văn,vrain.vn (tổng hợp)
2.0,Bà Rịa - Vũng Tàu,Trạm quan trắc Ven biển Bà Rịa - Vũng Tàu 3,Thành phố,10.346,107.0843,416.0,Khí tượng thủy văn,vrain.vn (tổng hợp)
3.0,Bà Rịa - Vũng Tàu,Trạm đo Ngoại thành Bà Rịa - Vũng Tàu 2,Thành phố,10.346,107.0843,204.0,Khí tượng thủy văn,vrain.vn (tổng hợp)
3.0,Tổng số trạm Bà Rịa - Vũng Tàu:,-5,Thành phố,15.81295,106.3308,258.5,Khí tượng thủy văn,vrain.vn (tổng hợp)
1.0,Bình Dương,Trạm Ngoại thành Bình Dương 5,Thành phố,10.9804,106.6519,411.0,Khí tượng thủy văn,vrain.vn (tổng hợp)
2.0,Bình Dương,Trạm Trung tâm Bình Dương 4,Huyện B,10.9804,106.6519,312.0,Khí tượng thủy văn,vrain.vn (tổng hợp)
3.0,Bình Dương,Trạm quan trắc Trung tâm TP Bình Dương 2,Huyện A,10.9804,106.6519,132.0,Khí tượng thủy văn,vrain.vn (tổng hợp)
4.0,Bình Dương,Trạm Đông Bình Dương 3,Thị xã,10.9804,106.6519,118.0,Khí tượng thủy văn,vrain.vn (tổng hợp)
5.0,Bình Dương,Trạm đo Tây Bình Dương 6,Thành phố,10.9804,106.6519,460.0,Khí tượng thủy văn,vrain.vn (tổng hợp)
6.0,Bình Dương,Đài Ngoại thành Bình Dương,Thành phố,10.9804,106.6519,443.0,Khí tượng thủy văn,vrain.vn (tổng hợp)
3.0,Tổng số trạm Bình Dương:,-5,Thành phố,15.81295,106.3308,258.5,Khí tượng thủy văn,vrain.vn (tổng hợp)
1.0,Bình Phước,Trạm Bắc Bình Phước 6,Quận 3,11.5349,106.8823,255.0,Khí tượng thủy văn,vrain.vn (tổng hợp)
2.0,Bình Phước,Trạm khí tượng Bắc Bình Phước 5,Thành phố,11.5349,106.8823,149.0,Khí tượng thủy văn,vrain.vn (tổng hợp)
3.0,Bình Phước,Trạm khí tượng Tây Bình Phước,Huyện B,11.5349,106.8823,163.0,Khí tượng thủy văn,vrain.vn (tổng hợp)
4.0,Bình Phước,Trạm quan trắc Trung tâm Bình Phước 7,Quận 3,11.5349,106.8823,346.0,Khí tượng thủy văn,vrain.vn (tổng hợp)
5.0,Bình Phước,Trạm đo Vùng núi Bình Phước 2,Huyện B,11.5349,106.8823,480.0,Khí tượng thủy văn,vrain.vn (tổng hợp)
6.0,Bình Phước,Trạm đo Vùng núi Bình Phước 3,Thành phố,11.5349,106.8823,133.0,Khí tượng thủy văn,vrain.vn (tổng hợp)
7.0,Bình Phước,Đài Vùng núi Bình Phước 4,Huyện A,11.5349,106.8823,130.0,Khí tượng thủy văn,vrain.vn (tổng hợp)
3.0,Tổng số trạm Bình Phước:,-7,Thành phố,15.81295,106.3308,258.5,Khí tượng thủy văn,vrain.vn (tổng hợp)
1.0,Bình Thuận,Trạm Ngoại thành Bình Thuận 4,Thành phố,10.9333,108.1,222.0,Khí tượng thủy văn,vrain.vn (tổng hợp)
2.0,Bình Thuận,Trạm khí tượng Trung tâm Bình Thuận 2,Quận 1,10.9333,108.1,18.0,Khí tượng thủy văn,vrain.vn (tổng hợp)
3.0,Bình Thuận,Trạm khí tượng Vùng núi Bình Thuận 6,Thành phố,10.9333,108.1,29.0,Khí tượng thủy văn,vrain.vn (tổng hợp)
4.0,Bình Thuận,Trạm khí tượng Đông Bình Thuận 3,Thành phố,10.9333,108.1,417.0,Khí tượng thủy văn,vrain.vn (tổng hợp)
5.0,Bình Thuận,Trạm quan trắc Ngoại thành Bình Thuận,Thành phố,10.9333,108.1,123.0,Khí tượng thủy văn,vrain.vn (tổng hợp)
6.0,Bình Thuận,Trạm đo Đông Bình Thuận 5,Huyện A,10.9333,108.1,171.0,Khí tượng thủy văn,vrain.vn (tổng hợp)
3.0,Tổng số trạm Bình Thuận:,-11,Thành phố,15.81295,106.3308,258.5,Khí tượng thủy văn,vrain.vn (tổng hợp)
1.0,Bình Định,Trạm Vùng núi Bình Định 3,Thành phố,13.7667,109.2333,314.0,Khí tượng thủy văn,vrain.vn (tổng hợp)
2.0,Bình Định,Trạm khí tượng Trung tâm Bình Định 5,Quận 3,13.7667,109.2333,112.0,Khí tượng thủy văn,vrain.vn (tổng hợp)
3.0,Bình Định,Trạm khí tượng Trung tâm Bình Định 6,Thành phố,13.7667,109.2333,29.0,Khí tượng thủy văn,vrain.vn (tổng hợp)
4.0,Bình Định,Trạm Đông Bình Định,Thành phố,13.7667,109.2333,335.0,Khí tượng thủy văn,vrain.vn (tổng hợp)
5.0,Bình Định,Trạm đo Nam Bình Định 2,Thành phố,13.7667,109.2333,268.0,Khí tượng thủy văn,vrain.vn (tổng hợp)
6.0,Bình Định,Trạm đo Trung tâm Bình Định 4,Quận 2,13.7667,109.2333,342.0,Khí tượng thủy văn,vrain.vn (tổng hợp)
3.0,Tổng số trạm Bình Định:,-14,Thành phố,15.81295,106.3308,258.5,Khí tượng thủy văn,vrain.vn (tổng hợp)
1.0,Bạc Liêu,Trạm Nam Bạc Liêu 6,Huyện B,9.2833,105.7167,166.0,Khí tượng thủy văn,vrain.vn (tổng hợp)
2.0,Bạc Liêu,Trạm khí tượng Đông Bạc Liêu 5,Quận 1,9.2833,105.7167,359.0,Khí tượng thủy văn,vrain.vn (tổng hợp)
3.0,Bạc Liêu,Trạm quan trắc Bắc Bạc Liêu 3,Thành phố,9.2833,105.7167,366.0,Khí tượng thủy văn,vrain.vn (tổng hợp)
4.0,Bạc Liêu,Trạm đo Trung tâm TP Bạc Liêu 2,Quận 2,9.2833,105.7167,480.0,Khí tượng thủy văn,vrain.vn (tổng hợp)
5.0,Bạc Liêu,Trạm đo Vùng núi Bạc Liêu,Quận 3,9.2833,105.7167,5.0,Khí tượng thủy văn,vrain.vn (tổng hợp)
6.0,Bạc Liêu,Đài Trung tâm Bạc Liêu 4,Quận 1,9.2833,105.7167,362.0,Khí tượng thủy văn,vrain.vn (tổng hợp)
3.0,Tổng số trạm Bạc Liêu:,-17,Thành phố,15.81295,106.3308,258.5,Khí tượng thủy văn,vrain.vn (tổng hợp)
1.0,Bắc Giang,Trạm Nam Bắc Giang,Thành phố,21.2814,106.1975,244.0,Khí tượng thủy văn,vrain.vn (tổng hợp)
2.0,Bắc Giang,Trạm quan trắc Bắc Bắc Giang 2,Thị xã,21.2814,106.1975,255.0,Khí tượng thủy văn,vrain.vn (tổng hợp)
3.0,Bắc Giang,Trạm quan trắc Đông Bắc Giang 3,Quận 3,21.2814,106.1975,431.0,Khí tượng thủy văn,vrain.vn (tổng hợp)
3.0,Tổng số trạm Bắc Giang:,-23,Thành phố,15.81295,106.3308,258.5,Khí tượng thủy văn,vrain.vn (tổng hợp)
1.0,Bắc Kạn,Trạm Bắc Bắc Kạn 4,Thị xã,22.15,105.8333,219.0,Khí tượng thủy văn,vrain.vn (tổng hợp)
2.0,Bắc Kạn,Trạm quan trắc Trung tâm Bắc Kạn 5,Quận 1,22.15,105.8333,85.0,Khí tượng thủy văn,vrain.vn (tổng hợp)
3.0,Bắc Kạn,Trạm quan trắc Đông Bắc Kạn 3,Thành phố,22.15,105.8333,411.0,Khí tượng thủy văn,vrain.vn (tổng hợp)
4.0,Bắc Kạn,Trạm đo Nam Bắc Kạn,Huyện A,22.15,105.8333,387.0,Khí tượng thủy văn,vrain.vn (tổng hợp)
5.0,Bắc Kạn,Trạm đo Trung tâm Bắc Kạn 6,Huyện A,22.15,105.8333,448.0,Khí tượng thủy văn,vrain.vn (tổng hợp)
6.0,Bắc Kạn,Đài Trung tâm Bắc Kạn 2,Huyện A,22.15,105.8333,181.0,Khí tượng thủy văn,vrain.vn (tổng hợp)
3.0,Tổng số trạm Bắc Kạn:,-23,Thành phố,15.81295,106.3308,258.5,Khí tượng thủy văn,vrain.vn (tổng hợp)
1.0,Bắc Ninh,Trạm Tây Bắc Ninh,Thành phố,21.1214,106.1111,69.0,Khí tượng thủy văn,vrain.vn (tổng hợp)
2.0,Bắc Ninh,Trạm Tây Bắc Ninh 2,Thành phố,21.1214,106.1111,391.0,Khí tượng thủy văn,vrain.vn (tổng hợp)
3.0,Bắc Ninh,Đài Nam Bắc Ninh 3,Thành phố,21.1214,106.1111,49.0,Khí tượng thủy văn,vrain.vn (tổng hợp)
3.0,Tổng số trạm Bắc Ninh:,-29,Thành phố,15.81295,106.3308,258.5,Khí tượng thủy văn,vrain.vn (tổng hợp)
1.0,Bến Tre,Trạm khí tượng Bắc Bến Tre 2,Thành phố,10.2333,106.3833,413.0,Khí tượng thủy văn,vrain.vn (tổng hợp)
2.0,Bến Tre,Trạm khí tượng Trung tâm TP Bến Tre,Thành phố,10.2333,106.3833,206.0,Khí tượng thủy văn,vrain.vn (tổng hợp)
3.0,Bến Tre,Đài Nam Bến Tre 3,Huyện B,10.2333,106.3833,496.0,Khí tượng thủy văn,vrain.vn (tổng hợp)
3.0,Tổng số trạm Bến Tre:,-32,Thành phố,15.81295,106.3308,258.5,Khí tượng thủy văn,vrain.vn (tổng hợp)
1.0,Cao Bằng,Trạm Ngoại thành Cao Bằng,Quận 1,22.6667,106.25,383.0,Khí tượng thủy văn,vrain.vn (tổng hợp)
2.0,Cao Bằng,Trạm đo Nam Cao Bằng 3,Quận 3,22.6667,106.25,409.0,Khí tượng thủy văn,vrain.vn (tổng hợp)
3.0,Cao Bằng,Trạm đo Ven biển Cao Bằng 4,Thành phố,22.6667,106.25,39.0,Khí tượng thủy văn,vrain.vn (tổng hợp)
4.0,Cao Bằng,Đài Vùng núi Cao Bằng 2,Huyện A,22.6667,106.25,50.0,Khí tượng thủy văn,vrain.vn (tổng hợp)
3.0,Tổng số trạm Cao Bằng:,-34,Thành phố,15.81295,106.3308,258.5,Khí tượng thủy văn,vrain.vn (tổng hợp)
1.0,Cà Mau,Trạm Tây Cà Mau 5,Quận 3,9.1769,105.1521,452.0,Khí tượng thủy văn,vrain.vn (tổng hợp)
2.0,Cà Mau,Trạm Ven biển Cà Mau 3,Quận 3,9.1769,105.1521,188.0,Khí tượng thủy văn,vrain.vn (tổng hợp)
3.0,Cà Mau,Trạm khí tượng Bắc Cà Mau 2,Thị xã,9.1769,105.1521,69.0,Khí tượng thủy văn,vrain.vn (tổng hợp)
4.0,Cà Mau,Trạm khí tượng Nam Cà Mau 6,Thành phố,9.1769,105.1521,13.0,Khí tượng thủy văn,vrain.vn (tổng hợp)
5.0,Cà Mau,Trạm đo Nam Cà Mau,Quận 2,9.1769,105.1521,320.0,Khí tượng thủy văn,vrain.vn (tổng hợp)
6.0,Cà Mau,Trạm đo Tây Cà Mau 4,Thành phố,9.1769,105.1521,354.0,Khí tượng thủy văn,vrain.vn (tổng hợp)
7.0,Cà Mau,Trạm đo Ven biển Cà Mau 7,Quận 3,9.1769,105.1521,227.0,Khí tượng thủy văn,vrain.vn (tổng hợp)
3.0,Tổng số trạm Cà Mau:,-34,Thành phố,15.81295,106.3308,258.5,Khí tượng thủy văn,vrain.vn (tổng hợp)
1.0,Cần Thơ,Trạm khí tượng Đông Cần Thơ 3,Quận 1,10.0452,105.7469,351.0,Khí tượng thủy văn,vrain.vn (tổng hợp)
2.0,Cần Thơ,Trạm đo Ngoại thành Cần Thơ,Thành phố,10.0452,105.7469,48.0,Khí tượng thủy văn,vrain.vn (tổng hợp)
3.0,Cần Thơ,Trạm đo Tây Cần Thơ 2,Thành phố,10.0452,105.7469,95.0,Khí tượng thủy văn,vrain.vn (tổng hợp)
3.0,Tổng số trạm Cần Thơ:,-41,Thành phố,15.81295,106.3308,258.5,Khí tượng thủy văn,vrain.vn (tổng hợp)
1.0,Gia Lai,Trạm Vùng núi Gia Lai 6,Thành phố,13.9833,108.0,384.0,Khí tượng thủy văn,vrain.vn (tổng hợp)
2.0,Gia Lai,Trạm khí tượng Bắc Gia Lai 2,Quận 3,13.9833,108.0,333.0,Khí tượng thủy văn,vrain.vn (thu thập)
3.0,Gia Lai,Trạm khí tượng Tây Gia Lai 7,Thành phố,13.9833,108.0,248.0,Khí tượng thủy văn,vrain.vn (tổng hợp)
4.0,Gia Lai,Trạm khí tượng Vùng núi Gia Lai 5,Thành phố,13.9833,108.0,197.0,Khí tượng thủy văn,vrain.vn (tổng hợp)
5.0,Gia Lai,Trạm đo Nam Gia Lai 4,Thành phố,13.9833,108.0,331.0,Khí tượng thủy văn,vrain.vn (tổng hợp)
6.0,Gia Lai,Đài Tây Gia Lai 3,Thị xã,13.9833,108.0,178.0,Khí tượng thủy văn,vrain.vn (tổng hợp)
7.0,Gia Lai,Đài Đông Gia Lai,Huyện B,13.9833,108.0,445.0,Khí tượng thủy văn,vrain.vn (tổng hợp)
3.0,Tổng số trạm Gia Lai:,-40,Thành phố,15.81295,106.3308,258.5,Khí tượng thủy văn,vrain.vn (tổng hợp)
1.0,Hà Giang,Trạm Tây Hà Giang 2,Quận 3,22.8233,104.9836,122.0,Khí tượng thủy văn,vrain.vn (tổng hợp)
2.0,Hà Giang,Trạm khí tượng Nam Hà Giang 5,Huyện B,22.8233,104.9836,27.0,Khí tượng thủy văn,vrain.vn (tổng hợp)
3.0,Hà Giang,Trạm quan trắc Ngoại thành Hà Giang,Thành phố,22.8233,104.9836,194.0,Khí tượng thủy văn,vrain.vn (tổng hợp)
4.0,Hà Giang,Trạm đo Trung tâm TP Hà Giang 3,Thành phố,22.8233,104.9836,113.0,Khí tượng thủy văn,vrain.vn (tổng hợp)
5.0,Hà Giang,Trạm đo Vùng núi Hà Giang 6,Quận 3,22.8233,104.9836,293.0,Khí tượng thủy văn,vrain.vn (tổng hợp)
6.0,Hà Giang,Đài Bắc Hà Giang 7,Thành phố,22.8233,104.9836,163.0,Khí tượng thủy văn,vrain.vn (tổng hợp)
7.0,Hà Giang,Đài Nam Hà Giang 4,Huyện A,22.8233,104.9836,326.0,Khí tượng thủy văn,vrain.vn (tổng hợp)
3.0,Tổng số trạm Hà Giang:,-43,Thành phố,15.81295,106.3308,258.5,Khí tượng thủy văn,vrain.vn (tổng hợp)
1.0,Hà Nam,Trạm khí tượng Ngoại thành Hà Nam 3,Thành phố,20.5411,105.9139,278.0,Khí tượng thủy văn,vrain.vn (tổng hợp)
2.0,Hà Nam,Trạm quan trắc Tây Hà Nam 2,Thành phố,20.5411,105.9139,164.0,Khí tượng thủy văn,vrain.vn (thu thập)
3.0,Hà Nam,Trạm quan trắc Ven biển Hà Nam,Quận 2,20.5411,105.9139,43.0,Khí tượng thủy văn,vrain.vn (tổng hợp)
3.0,Tổng số trạm Hà Nam:,-50,Thành phố,15.81295,106.3308,258.5,Khí tượng thủy văn,vrain.vn (tổng hợp)
1.0,Hà Nội,Trạm Trung tâm TP Hà Nội 2,Thành phố,21.0285,105.8542,155.0,Khí tượng thủy văn,vrain.vn (tổng hợp)
2.0,Hà Nội,Trạm khí tượng Trung tâm TP Hà Nội 6,Thành phố,21.0285,105.8542,342.0,Khí tượng thủy văn,vrain.vn (tổng hợp)
3.0,Hà Nội,Trạm khí tượng Tây Hà Nội,Quận 3,21.0285,105.8542,335.0,Khí tượng thủy văn,vrain.vn (tổng hợp)
4.0,Hà Nội,Trạm quan trắc Ven biển Hà Nội 5,Thị xã,21.0285,105.8542,395.0,Khí tượng thủy văn,vrain.vn (tổng hợp)
5.0,Hà Nội,Trạm đo Ngoại thành Hà Nội 3,Quận 1,21.0285,105.8542,36.0,Khí tượng thủy văn,vrain.vn (tổng hợp)
6.0,Hà Nội,Trạm đo Trung tâm Hà Nội 4,Huyện A,21.0285,105.8542,124.0,Khí tượng thủy văn,vrain.vn (tổng hợp)
3.0,Tổng số trạm Hà Nội:,-50,Thành phố,15.81295,106.3308,258.5,Khí tượng thủy văn,vrain.vn (tổng hợp)
1.0,Hà Tĩnh,Trạm Bắc Hà Tĩnh 4,Thành phố,18.3333,105.9,210.0,Khí tượng thủy văn,vrain.vn (tổng hợp)
2.0,Hà Tĩnh,Trạm Nam Hà Tĩnh 3,Quận 2,18.3333,105.9,237.0,Khí tượng thủy văn,vrain.vn (tổng hợp)
3.0,Hà Tĩnh,Trạm Vùng núi Hà Tĩnh 7,Thị xã,18.3333,105.9,66.0,Khí tượng thủy văn,vrain.vn (tổng hợp)
4.0,Hà Tĩnh,Trạm khí tượng Vùng núi Hà Tĩnh 6,Quận 2,18.3333,105.9,484.0,Khí tượng thủy văn,vrain.vn (tổng hợp)
5.0,Hà Tĩnh,Trạm quan trắc Đông Hà Tĩnh 2,Thành phố,18.3333,105.9,443.0,Khí tượng thủy văn,vrain.vn (tổng hợp)
6.0,Hà Tĩnh,Đài Ngoại thành Hà Tĩnh,Thành phố,18.3333,105.9,404.0,Khí tượng thủy văn,vrain.vn (thu thập)
7.0,Hà Tĩnh,Đài Ngoại thành Hà Tĩnh 5,Thành phố,18.3333,105.9,86.0,Khí tượng thủy văn,vrain.vn (tổng hợp)
3.0,Tổng số trạm Hà Tĩnh:,-52,Thành phố,15.81295,106.3308,258.5,Khí tượng thủy văn,vrain.vn (tổng hợp)
1.0,Hòa Bình,Trạm Nam Hòa Bình 4,Thị xã,20.8133,105.3383,335.0,Khí tượng thủy văn,vrain.vn (tổng hợp)
2.0,Hòa Bình,Trạm khí tượng Vùng núi Hòa Bình 2,Quận 1,20.8133,105.3383,459.0,Khí tượng thủy văn,vrain.vn (tổng hợp)
3.0,Hòa Bình,Trạm quan trắc Trung tâm TP Hòa Bình 5,Huyện A,20.8133,105.3383,20.0,Khí tượng thủy văn,vrain.vn (tổng hợp)
4.0,Hòa Bình,Trạm quan trắc Ven biển Hòa Bình,Thành phố,20.8133,105.3383,341.0,Khí tượng thủy văn,vrain.vn (tổng hợp)
5.0,Hòa Bình,Trạm quan trắc Ven biển Hòa Bình 8,Thành phố,20.8133,105.3383,193.0,Khí tượng thủy văn,vrain.vn (tổng hợp)
6.0,Hòa Bình,Trạm quan trắc Đông Hòa Bình 3,Quận 2,20.8133,105.3383,233.0,Khí tượng thủy văn,vrain.vn (tổng hợp)
7.0,Hòa Bình,Trạm đo Trung tâm TP Hòa Bình 6,Quận 2,20.8133,105.3383,413.0,Khí tượng thủy văn,vrain.vn (tổng hợp)
8.0,Hòa Bình,Đài Ven biển Hòa Bình 7,Thị xã,20.8133,105.3383,109.0,Khí tượng thủy văn,vrain.vn (tổng hợp)
3.0,Tổng số trạm Hòa Bình:,-54,Thành phố,15.81295,106.3308,258.5,Khí tượng thủy văn,vrain.vn (tổng hợp)
1.0,Hưng Yên,Trạm khí tượng Ven biển Hưng Yên 5,Thị xã,20.6461,106.0511,264.0,Khí tượng thủy văn,vrain.vn (tổng hợp)
2.0,Hưng Yên,Trạm khí tượng Đông Hưng Yên 3,Thành phố,20.6461,106.0511,260.0,Khí tượng thủy văn,vrain.vn (tổng hợp)
3.0,Hưng Yên,Trạm đo Ven biển Hưng Yên 4,Thành phố,20.6461,106.0511,34.0,Khí tượng thủy văn,vrain.vn (tổng hợp)
4.0,Hưng Yên,Trạm đo Đông Hưng Yên 2,Huyện A,20.6461,106.0511,160.0,Khí tượng thủy văn,vrain.vn (tổng hợp)
5.0,Hưng Yên,Đài Trung tâm TP Hưng Yên 6,Thành phố,20.6461,106.0511,363.0,Khí tượng thủy văn,vrain.vn (tổng hợp)
6.0,Hưng Yên,Đài Đông Hưng Yên,Thành phố,20.6461,106.0511,357.0,Khí tượng thủy văn,vrain.vn (tổng hợp)
3.0,Tổng số trạm Hưng Yên:,-59,Thành phố,15.81295,106.3308,258.5,Khí tượng thủy văn,vrain.vn (tổng hợp)
1.0,Hải Dương,Trạm Bắc Hải Dương,Thành phố,20.9397,106.3308,207.0,Khí tượng thủy văn,vrain.vn (tổng hợp)
2.0,Hải Dương,Trạm Trung tâm Hải Dương 2,Thành phố,20.9397,106.3308,143.0,Khí tượng thủy văn,vrain.vn (tổng hợp)
3.0,Hải Dương,Trạm đo Đông Hải Dương 3,Quận 3,20.9397,106.3308,287.0,Khí tượng thủy văn,vrain.vn (tổng hợp)
3.0,Tổng số trạm Hải Dương:,-65,Thành phố,15.81295,106.3308,258.5,Khí tượng thủy văn,vrain.vn (tổng hợp)
1.0,Hải Phòng,Trạm Ngoại thành Hải Phòng 5,Thành phố,20.8449,106.6881,214.0,Khí tượng thủy văn,vrain.vn (tổng hợp)
2.0,Hải Phòng,Trạm khí tượng Đông Hải Phòng 6,Thành phố,20.8449,106.6881,184.0,Khí tượng thủy văn,vrain.vn (tổng hợp)
3.0,Hải Phòng,Trạm quan trắc Nam Hải Phòng 4,Huyện A,20.8449,106.6881,49.0,Khí tượng thủy văn,vrain.vn (tổng hợp)
4.0,Hải Phòng,Trạm quan trắc Tây Hải Phòng 7,Thị xã,20.8449,106.6881,215.0,Khí tượng thủy văn,vrain.vn (tổng hợp)
5.0,Hải Phòng,Trạm quan trắc Đông Hải Phòng,Huyện A,20.8449,106.6881,19.0,Khí tượng thủy văn,vrain.vn (tổng hợp)
6.0,Hải Phòng,Trạm đo Tây Hải Phòng 3,Thành phố,20.8449,106.6881,394.0,Khí tượng thủy văn,vrain.vn (tổng hợp)
7.0,Hải Phòng,Trạm đo Đông Hải Phòng 2,Huyện B,20.8449,106.6881,41.0,Khí tượng thủy văn,vrain.vn (tổng hợp)
8.0,Hải Phòng,Đài Vùng núi Hải Phòng 8,Thành phố,20.8449,106.6881,310.0,Khí tượng thủy văn,vrain.vn (tổng hợp)
3.0,Tổng số trạm Hải Phòng:,-63,Thành phố,15.81295,106.3308,258.5,Khí tượng thủy văn,vrain.vn (tổng hợp)
1.0,Hậu Giang,Trạm Trung tâm Hậu Giang 4,Thị xã,9.7833,105.4667,202.0,Khí tượng thủy văn,vrain.vn (tổng hợp)
2.0,Hậu Giang,Trạm quan trắc Trung tâm Hậu Giang 3,Huyện A,9.7833,105.4667,185.0,Khí tượng thủy văn,vrain.vn (tổng hợp)
3.0,Hậu Giang,Trạm quan trắc Trung tâm Hậu Giang 5,Thành phố,9.7833,105.4667,420.0,Khí tượng thủy văn,vrain.vn (tổng hợp)
4.0,Hậu Giang,Trạm quan trắc Trung tâm TP Hậu Giang,Quận 1,9.7833,105.4667,214.0,Khí tượng thủy văn,vrain.vn (tổng hợp)
5.0,Hậu Giang,Trạm Đông Hậu Giang 6,Huyện A,9.7833,105.4667,160.0,Khí tượng thủy văn,vrain.vn (tổng hợp)
6.0,Hậu Giang,Đài Nam Hậu Giang 2,Thành phố,9.7833,105.4667,497.0,Khí tượng thủy văn,vrain.vn (tổng hợp)
7.0,Hậu Giang,Đài Tây Hậu Giang 7,Thị xã,9.7833,105.4667,181.0,Khí tượng thủy văn,vrain.vn (tổng hợp)
3.0,Tổng số trạm Hậu Giang:,-67,Thành phố,15.81295,106.3308,258.5,Khí tượng thủy văn,vrain.vn (tổng hợp)
1.0,Khánh Hòa,Trạm Trung tâm TP Khánh Hòa,Huyện A,12.25,109.1833,108.0,Khí tượng thủy văn,vrain.vn (tổng hợp)
2.0,Khánh Hòa,Trạm khí tượng Nam Khánh Hòa 3,Thành phố,12.25,109.1833,179.0,Khí tượng thủy văn,vrain.vn (tổng hợp)
3.0,Khánh Hòa,Trạm quan trắc Ngoại thành Khánh Hòa 4,Thị xã,12.25,109.1833,224.0,Khí tượng thủy văn,vrain.vn (tổng hợp)
4.0,Khánh Hòa,Trạm quan trắc Ngoại thành Khánh Hòa 5,Thành phố,12.25,109.1833,415.0,Khí tượng thủy văn,vrain.vn (thu thập)
5.0,Khánh Hòa,Đài Nam Khánh Hòa 2,Thành phố,12.25,109.1833,302.0,Khí tượng thủy văn,vrain.vn (tổng hợp)
6.0,Khánh Hòa,Đài Ngoại thành Khánh Hòa 6,Thành phố,12.25,109.1833,445.0,Khí tượng thủy văn,vrain.vn (tổng hợp)
3.0,Tổng số trạm Khánh Hòa:,-71,Thành phố,15.81295,106.3308,258.5,Khí tượng thủy văn,vrain.vn (tổng hợp)
1.0,Kiên Giang,Trạm Trung tâm TP Kiên Giang 3,Huyện B,10.0317,105.0809,332.0,Khí tượng thủy văn,vrain.vn (tổng hợp)
2.0,Kiên Giang,Trạm Vùng núi Kiên Giang 4,Quận 2,10.0317,105.0809,263.0,Khí tượng thủy văn,vrain.vn (tổng hợp)
3.0,Kiên Giang,Trạm khí tượng Bắc Kiên Giang 2,Quận 2,10.0317,105.0809,309.0,Khí tượng thủy văn,vrain.vn (tổng hợp)
4.0,Kiên Giang,Trạm khí tượng Trung tâm Kiên Giang,Thành phố,10.0317,105.0809,454.0,Khí tượng thủy văn,vrain.vn (tổng hợp)
3.0,Tổng số trạm Kiên Giang:,-76,Thành phố,15.81295,106.3308,258.5,Khí tượng thủy văn,vrain.vn (tổng hợp)
1.0,Kon Tum,Trạm Nam Kon Tum 2,Quận 2,14.3833,107.9833,352.0,Khí tượng thủy văn,vrain.vn (tổng hợp)
2.0,Kon Tum,Trạm Vùng núi Kon Tum,Thành phố,14.3833,107.9833,280.0,Khí tượng thủy văn,vrain.vn (tổng hợp)
3.0,Kon Tum,Trạm Vùng núi Kon Tum 5,Thành phố,14.3833,107.9833,280.0,Khí tượng thủy văn,vrain.vn (tổng hợp)
4.0,Kon Tum,Trạm quan trắc Ven biển Kon Tum 7,Huyện B,14.3833,107.9833,398.0,Khí tượng thủy văn,vrain.vn (tổng hợp)
5.0,Kon Tum,Trạm Đông Kon Tum 6,Thành phố,14.3833,107.9833,449.0,Khí tượng thủy văn,vrain.vn (tổng hợp)
6.0,Kon Tum,Đài Ngoại thành Kon Tum 3,Thị xã,14.3833,107.9833,452.0,Khí tượng thủy văn,vrain.vn (tổng hợp)
7.0,Kon Tum,Đài Ven biển Kon Tum 4,Huyện A,14.3833,107.9833,475.0,Khí tượng thủy văn,vrain.vn (tổng hợp)
3.0,Tổng số trạm Kon Tum:,-76,Thành phố,15.81295,106.3308,258.5,Khí tượng thủy văn,vrain.vn (tổng hợp)
1.0,Lai Châu,Trạm Bắc Lai Châu 2,Quận 2,22.4,103.45,349.0,Khí tượng thủy văn,vrain.vn (tổng hợp)
2.0,Lai Châu,Trạm Trung tâm Lai Châu 8,Huyện B,22.4,103.45,343.0,Khí tượng thủy văn,vrain.vn (tổng hợp)
3.0,Lai Châu,Trạm Trung tâm TP Lai Châu,Quận 2,22.4,103.45,88.0,Khí tượng thủy văn,vrain.vn (tổng hợp)
4.0,Lai Châu,Trạm Tây Lai Châu 4,Huyện A,22.4,103.45,44.0,Khí tượng thủy văn,vrain.vn (tổng hợp)
5.0,Lai Châu,Trạm khí tượng Nam Lai Châu 3,Thành phố,22.4,103.45,185.0,Khí tượng thủy văn,vrain.vn (tổng hợp)
6.0,Lai Châu,Trạm quan trắc Ngoại thành Lai Châu 5,Quận 2,22.4,103.45,230.0,Khí tượng thủy văn,vrain.vn (tổng hợp)
7.0,Lai Châu,Trạm đo Trung tâm TP Lai Châu 6,Huyện A,22.4,103.45,35.0,Khí tượng thủy văn,vrain.vn (tổng hợp)
8.0,Lai Châu,Đài Tây Lai Châu 7,Quận 1,22.4,103.45,385.0,Khí tượng thủy văn,vrain.vn (tổng hợp)
3.0,Tổng số trạm Lai Châu:,-78,Thành phố,15.81295,106.3308,258.5,Khí tượng thủy văn,vrain.vn (tổng hợp)
1.0,Long An,Trạm Bắc Long An 3,Huyện A,10.5333,106.4167,209.0,Khí tượng thủy văn,vrain.vn (tổng hợp)
2.0,Long An,Trạm Trung tâm Long An,Thị xã,10.5333,106.4167,257.0,Khí tượng thủy văn,vrain.vn (tổng hợp)
3.0,Long An,Trạm Trung tâm TP Long An 4,Thành phố,10.5333,106.4167,47.0,Khí tượng thủy văn,vrain.vn (tổng hợp)
4.0,Long An,Trạm khí tượng Ven biển Long An 6,Thị xã,10.5333,106.4167,437.0,Khí tượng thủy văn,vrain.vn (tổng hợp)
5.0,Long An,Trạm quan trắc Bắc Long An 2,Quận 2,10.5333,106.4167,407.0,Khí tượng thủy văn,vrain.vn (tổng hợp)
6.0,Long An,Trạm đo Ven biển Long An 7,Quận 2,10.5333,106.4167,184.0,Khí tượng thủy văn,vrain.vn (tổng hợp)
7.0,Long An,Đài Nam Long An 5,Huyện A,10.5333,106.4167,77.0,Khí tượng thủy văn,vrain.vn (tổng hợp)
3.0,Tổng số trạm Long An:,-82,Thành phố,15.81295,106.3308,258.5,Khí tượng thủy văn,vrain.vn (tổng hợp)
1.0,Lào Cai,Trạm khí tượng Ven biển Lào Cai 8,Huyện A,22.4833,103.95,335.0,Khí tượng thủy văn,vrain.vn (tổng hợp)
2.0,Lào Cai,Trạm quan trắc Tây Lào Cai 3,Thành phố,22.4833,103.95,207.0,Khí tượng thủy văn,vrain.vn (tổng hợp)
3.0,Lào Cai,Trạm quan trắc Ven biển Lào Cai,Quận 2,22.4833,103.95,3.0,Khí tượng thủy văn,vrain.vn (tổng hợp)
4.0,Lào Cai,Trạm quan trắc Ven biển Lào Cai 6,Thành phố,22.4833,103.95,21.0,Khí tượng thủy văn,vrain.vn (tổng hợp)
5.0,Lào Cai,Trạm Đông Lào Cai 4,Quận 2,22.4833,103.95,202.0,Khí tượng thủy văn,vrain.vn (tổng hợp)
6.0,Lào Cai,Trạm đo Trung tâm TP Lào Cai 5,Thành phố,22.4833,103.95,327.0,Khí tượng thủy văn,vrain.vn (tổng hợp)
7.0,Lào Cai,Đài Nam Lào Cai 7,Thành phố,22.4833,103.95,336.0,Khí tượng thủy văn,vrain.vn (tổng hợp)
8.0,Lào Cai,Đài Trung tâm Lào Cai 2,Huyện B,22.4833,103.95,42.0,Khí tượng thủy văn,vrain.vn (tổng hợp)
3.0,Tổng số trạm Lào Cai:,-84,Thành phố,15.81295,106.3308,258.5,Khí tượng thủy văn,vrain.vn (tổng hợp)
1.0,Lâm Đồng,Trạm Vùng núi Lâm Đồng 2,Thị xã,11.9404,108.4587,155.0,Khí tượng thủy văn,vrain.vn (tổng hợp)
2.0,Lâm Đồng,Trạm khí tượng Nam Lâm Đồng 3,Quận 1,11.9404,108.4587,453.0,Khí tượng thủy văn,vrain.vn (tổng hợp)
3.0,Lâm Đồng,Trạm khí tượng Tây Lâm Đồng,Thành phố,11.9404,108.4587,349.0,Khí tượng thủy văn,vrain.vn (tổng hợp)
3.0,Tổng số trạm Lâm Đồng:,-92,Thành phố,15.81295,106.3308,258.5,Khí tượng thủy văn,vrain.vn (tổng hợp)
1.0,Lạng Sơn,Trạm khí tượng Trung tâm TP Lạng Sơn 2,Huyện A,21.8478,106.7578,481.0,Khí tượng thủy văn,vrain.vn (tổng hợp)
2.0,Lạng Sơn,Trạm khí tượng Tây Lạng Sơn,Huyện B,21.8478,106.7578,426.0,Khí tượng thủy văn,vrain.vn (tổng hợp)
3.0,Lạng Sơn,Trạm đo Trung tâm Lạng Sơn 4,Quận 3,21.8478,106.7578,230.0,Khí tượng thủy văn,vrain.vn (tổng hợp)
4.0,Lạng Sơn,Trạm đo Trung tâm TP Lạng Sơn 5,Quận 3,21.8478,106.7578,316.0,Khí tượng thủy văn,vrain.vn (tổng hợp)
5.0,Lạng Sơn,Trạm đo Tây Lạng Sơn 3,Quận 2,21.8478,106.7578,249.0,Khí tượng thủy văn,vrain.vn (tổng hợp)
6.0,Lạng Sơn,Trạm đo Tây Lạng Sơn 6,Thành phố,21.8478,106.7578,419.0,Khí tượng thủy văn,vrain.vn (tổng hợp)
7.0,Lạng Sơn,Đài Vùng núi Lạng Sơn 7,Thành phố,21.8478,106.7578,136.0,Khí tượng thủy văn,vrain.vn (tổng hợp)
3.0,Tổng số trạm Lạng Sơn:,-91,Thành phố,15.81295,106.3308,258.5,Khí tượng thủy văn,vrain.vn (tổng hợp)
1.0,Nam Định,Trạm khí tượng Trung tâm Nam Định 3,Huyện B,20.42,106.1683,289.0,Khí tượng thủy văn,vrain.vn (tổng hợp)
2.0,Nam Định,Trạm khí tượng Trung tâm TP Nam Định 6,Thành phố,20.42,106.1683,102.0,Khí tượng thủy văn,vrain.vn (tổng hợp)
3.0,Nam Định,Trạm quan trắc Trung tâm Nam Định 5,Thành phố,20.42,106.1683,452.0,Khí tượng thủy văn,vrain.vn (tổng hợp)
4.0,Nam Định,Trạm đo Tây Nam Định,Thành phố,20.42,106.1683,334.0,Khí tượng thủy văn,vrain.vn (tổng hợp)
5.0,Nam Định,Trạm đo Đông Nam Định 4,Thị xã,20.42,106.1683,149.0,Khí tượng thủy văn,vrain.vn (tổng hợp)
6.0,Nam Định,Đài Ngoại thành Nam Định 2,Quận 1,20.42,106.1683,130.0,Khí tượng thủy văn,vrain.vn (tổng hợp)
7.0,Nam Định,Đài Tây Nam Định 7,Quận 2,20.42,106.1683,215.0,Khí tượng thủy văn,vrain.vn (tổng hợp)
3.0,Tổng số trạm Nam Định:,-94,Thành phố,15.81295,106.3308,258.5,Khí tượng thủy văn,vrain.vn (tổng hợp)
1.0,Nghệ An,Trạm Ven biển Nghệ An 2,Thành phố,18.6733,105.6811,98.0,Khí tượng thủy văn,vrain.vn (tổng hợp)
2.0,Nghệ An,Trạm khí tượng Bắc Nghệ An,Thị xã,18.6733,105.6811,295.0,Khí tượng thủy văn,vrain.vn (tổng hợp)
3.0,Nghệ An,Trạm khí tượng Bắc Nghệ An 5,Thành phố,18.6733,105.6811,454.0,Khí tượng thủy văn,vrain.vn (tổng hợp)
4.0,Nghệ An,Trạm đo Nam Nghệ An 3,Thị xã,18.6733,105.6811,276.0,Khí tượng thủy văn,vrain.vn (tổng hợp)
5.0,Nghệ An,Đài Ngoại thành Nghệ An 4,Huyện B,18.6733,105.6811,431.0,Khí tượng thủy văn,vrain.vn (tổng hợp)
3.0,Tổng số trạm Nghệ An:,-99,Thành phố,15.81295,106.3308,258.5,Khí tượng thủy văn,vrain.vn (tổng hợp)
1.0,Ninh Bình,Trạm Ngoại thành Ninh Bình,Huyện A,20.2539,105.975,309.0,Khí tượng thủy văn,vrain.vn (tổng hợp)
2.0,Ninh Bình,Trạm Vùng núi Ninh Bình 2,Thành phố,20.2539,105.975,323.0,Khí tượng thủy văn,vrain.vn (tổng hợp)
3.0,Ninh Bình,Trạm quan trắc Trung tâm TP Ninh Bình 3,Thị xã,20.2539,105.975,285.0,Khí tượng thủy văn,vrain.vn (tổng hợp)
4.0,Ninh Bình,Trạm đo Đông Ninh Bình 4,Quận 2,20.2539,105.975,46.0,Khí tượng thủy văn,vrain.vn (tổng hợp)
3.0,Tổng số trạm Ninh Bình:,-103,Thành phố,15.81295,106.3308,258.5,Khí tượng thủy văn,vrain.vn (tổng hợp)
1.0,Ninh Thuận,Trạm Ngoại thành Ninh Thuận 3,Quận 3,11.5667,108.9833,239.0,Khí tượng thủy văn,vrain.vn (tổng hợp)
2.0,Ninh Thuận,Trạm khí tượng Tây Ninh Thuận 2,Thành phố,11.5667,108.9833,480.0,Khí tượng thủy văn,vrain.vn (tổng hợp)
3.0,Ninh Thuận,Trạm quan trắc Trung tâm Ninh Thuận 8,Thành phố,11.5667,108.9833,122.0,Khí tượng thủy văn,vrain.vn (tổng hợp)
4.0,Ninh Thuận,Trạm quan trắc Đông Ninh Thuận 5,Thành phố,11.5667,108.9833,30.0,Khí tượng thủy văn,vrain.vn (tổng hợp)
5.0,Ninh Thuận,Trạm đo Vùng núi Ninh Thuận 6,Thành phố,11.5667,108.9833,178.0,Khí tượng thủy văn,vrain.vn (tổng hợp)
6.0,Ninh Thuận,Đài Bắc Ninh Thuận 7,Thành phố,11.5667,108.9833,156.0,Khí tượng thủy văn,vrain.vn (tổng hợp)
7.0,Ninh Thuận,Đài Tây Ninh Thuận,Quận 1,11.5667,108.9833,110.0,Khí tượng thủy văn,vrain.vn (tổng hợp)
8.0,Ninh Thuận,Đài Vùng núi Ninh Thuận 4,Quận 1,11.5667,108.9833,223.0,Khí tượng thủy văn,vrain.vn (tổng hợp)
3.0,Tổng số trạm Ninh Thuận:,-102,Thành phố,15.81295,106.3308,258.5,Khí tượng thủy văn,vrain.vn (tổng hợp)
1.0,Phú Thọ,Trạm Trung tâm TP Phú Thọ 3,Quận 2,21.3,105.4333,78.0,Khí tượng thủy văn,vrain.vn (tổng hợp)
2.0,Phú Thọ,Trạm Đông Phú Thọ 4,Quận 3,21.3,105.4333,472.0,Khí tượng thủy văn,vrain.vn (tổng hợp)
3.0,Phú Thọ,Trạm đo Trung tâm Phú Thọ,Huyện B,21.3,105.4333,371.0,Khí tượng thủy văn,vrain.vn (tổng hợp)
4.0,Phú Thọ,Trạm đo Trung tâm Phú Thọ 2,Thành phố,21.3,105.4333,5.0,Khí tượng thủy văn,vrain.vn (tổng hợp)
3.0,Tổng số trạm Phú Thọ:,-109,Thành phố,15.81295,106.3308,258.5,Khí tượng thủy văn,vrain.vn (tổng hợp)
1.0,Phú Yên,Trạm Bắc Phú Yên 6,Quận 2,13.0833,109.3,291.0,Khí tượng thủy văn,vrain.vn (tổng hợp)
2.0,Phú Yên,Trạm Nam Phú Yên 2,Thành phố,13.0833,109.3,490.0,Khí tượng thủy văn,vrain.vn (tổng hợp)
3.0,Phú Yên,Trạm Ngoại thành Phú Yên,Thị xã,13.0833,109.3,322.0,Khí tượng thủy văn,vrain.vn (tổng hợp)
4.0,Phú Yên,Trạm khí tượng Nam Phú Yên 4,Huyện B,13.0833,109.3,361.0,Khí tượng thủy văn,vrain.vn (tổng hợp)
5.0,Phú Yên,Đài Nam Phú Yên 5,Thành phố,13.0833,109.3,349.0,Khí tượng thủy văn,vrain.vn (tổng hợp)
6.0,Phú Yên,Đài Ngoại thành Phú Yên 3,Quận 3,13.0833,109.3,156.0,Khí tượng thủy văn,vrain.vn (tổng hợp)
3.0,Tổng số trạm Phú Yên:,-110,Thành phố,15.81295,106.3308,258.5,Khí tượng thủy văn,vrain.vn (tổng hợp)
1.0,Quảng Bình,Trạm Nam Quảng Bình,Thành phố,17.4687,106.6227,307.0,Khí tượng thủy văn,vrain.vn (tổng hợp)
2.0,Quảng Bình,Trạm đo Nam Quảng Bình 3,Thành phố,17.4687,106.6227,345.0,Khí tượng thủy văn,vrain.vn (tổng hợp)
3.0,Quảng Bình,Đài Trung tâm Quảng Bình 2,Quận 3,17.4687,106.6227,20.0,Khí tượng thủy văn,vrain.vn (tổng hợp)
3.0,Tổng số trạm Quảng Bình:,-116,Thành phố,15.81295,106.3308,258.5,Khí tượng thủy văn,vrain.vn (tổng hợp)
1.0,Quảng Nam,Trạm khí tượng Vùng núi Quảng Nam 2,Thị xã,15.5667,108.4833,363.0,Khí tượng thủy văn,vrain.vn (tổng hợp)
2.0,Quảng Nam,Trạm đo Bắc Quảng Nam 3,Thành phố,15.5667,108.4833,346.0,Khí tượng thủy văn,vrain.vn (tổng hợp)
3.0,Quảng Nam,Đài Bắc Quảng Nam,Thành phố,15.5667,108.4833,321.0,Khí tượng thủy văn,vrain.vn (tổng hợp)
3.0,Tổng số trạm Quảng Nam:,-119,Thành phố,15.81295,106.3308,258.5,Khí tượng thủy văn,vrain.vn (tổng hợp)
1.0,Quảng Ngãi,Trạm khí tượng Vùng núi Quảng Ngãi 5,Huyện A,15.1167,108.8,222.0,Khí tượng thủy văn,vrain.vn (tổng hợp)
2.0,Quảng Ngãi,Trạm quan trắc Bắc Quảng Ngãi 7,Huyện A,15.1167,108.8,130.0,Khí tượng thủy văn,vrain.vn (tổng hợp)
3.0,Quảng Ngãi,Trạm quan trắc Bắc Quảng Ngãi 8,Thành phố,15.1167,108.8,417.0,Khí tượng thủy văn,vrain.vn (tổng hợp)
4.0,Quảng Ngãi,Trạm quan trắc Đông Quảng Ngãi 2,Quận 2,15.1167,108.8,86.0,Khí tượng thủy văn,vrain.vn (tổng hợp)
5.0,Quảng Ngãi,Trạm đo Nam Quảng Ngãi 4,Huyện A,15.1167,108.8,331.0,Khí tượng thủy văn,vrain.vn (tổng hợp)
6.0,Quảng Ngãi,Trạm đo Ngoại thành Quảng Ngãi,Thành phố,15.1167,108.8,238.0,Khí tượng thủy văn,vrain.vn (tổng hợp)
7.0,Quảng Ngãi,Trạm đo Đông Quảng Ngãi 6,Thị xã,15.1167,108.8,93.0,Khí tượng thủy văn,vrain.vn (tổng hợp)
8.0,Quảng Ngãi,Đài Ngoại thành Quảng Ngãi 3,Thành phố,15.1167,108.8,295.0,Khí tượng thủy văn,vrain.vn (tổng hợp)
3.0,Tổng số trạm Quảng Ngãi:,-117,Thành phố,15.81295,106.3308,258.5,Khí tượng thủy văn,vrain.vn (tổng hợp)
1.0,Quảng Ninh,Trạm Nam Quảng Ninh 5,Thành phố,21.0064,107.2925,128.0,Khí tượng thủy văn,vrain.vn (tổng hợp)
2.0,Quảng Ninh,Trạm Tây Quảng Ninh 3,Huyện A,21.0064,107.2925,294.0,Khí tượng thủy văn,vrain.vn (tổng hợp)
3.0,Quảng Ninh,Trạm khí tượng Tây Quảng Ninh 6,Quận 3,21.0064,107.2925,264.0,Khí tượng thủy văn,vrain.vn (tổng hợp)
4.0,Quảng Ninh,Trạm khí tượng Vùng núi Quảng Ninh 4,Huyện B,21.0064,107.2925,126.0,Khí tượng thủy văn,vrain.vn (tổng hợp)
5.0,Quảng Ninh,Trạm quan trắc Trung tâm Quảng Ninh 2,Thành phố,21.0064,107.2925,233.0,Khí tượng thủy văn,vrain.vn (tổng hợp)
6.0,Quảng Ninh,Trạm đo Nam Quảng Ninh,Thành phố,21.0064,107.2925,378.0,Khí tượng thủy văn,vrain.vn (tổng hợp)
3.0,Tổng số trạm Quảng Ninh:,-122,Thành phố,15.81295,106.3308,258.5,Khí tượng thủy văn,vrain.vn (tổng hợp)
1.0,Quảng Trị,Trạm Ngoại thành Quảng Trị 3,Quận 3,16.816,107.1,273.0,Khí tượng thủy văn,vrain.vn (tổng hợp)
2.0,Quảng Trị,Trạm Trung tâm Quảng Trị 4,Thành phố,16.816,107.1,454.0,Khí tượng thủy văn,vrain.vn (tổng hợp)
3.0,Quảng Trị,Trạm quan trắc Trung tâm TP Quảng Trị,Thành phố,16.816,107.1,474.0,Khí tượng thủy văn,vrain.vn (tổng hợp)
4.0,Quảng Trị,Trạm quan trắc Ven biển Quảng Trị 5,Quận 3,16.816,107.1,425.0,Khí tượng thủy văn,vrain.vn (tổng hợp)
5.0,Quảng Trị,Trạm đo Bắc Quảng Trị 2,Thành phố,16.816,107.1,247.0,Khí tượng thủy văn,vrain.vn (tổng hợp)
6.0,Quảng Trị,Đài Tây Quảng Trị 6,Thành phố,16.816,107.1,292.0,Khí tượng thủy văn,vrain.vn (tổng hợp)
3.0,Tổng số trạm Quảng Trị:,-125,Thành phố,15.81295,106.3308,258.5,Khí tượng thủy văn,vrain.vn (tổng hợp)
1.0,Sóc Trăng,Trạm Trung tâm TP Sóc Trăng 3,Quận 1,9.6025,105.9739,398.0,Khí tượng thủy văn,vrain.vn (tổng hợp)
2.0,Sóc Trăng,Trạm quan trắc Trung tâm Sóc Trăng 2,Thành phố,9.6025,105.9739,297.0,Khí tượng thủy văn,vrain.vn (tổng hợp)
3.0,Sóc Trăng,Trạm quan trắc Tây Sóc Trăng,Quận 2,9.6025,105.9739,311.0,Khí tượng thủy văn,vrain.vn (tổng hợp)
3.0,Tổng số trạm Sóc Trăng:,-131,Thành phố,15.81295,106.3308,258.5,Khí tượng thủy văn,vrain.vn (tổng hợp)
1.0,Sơn La,Trạm Nam Sơn La,Quận 1,21.3256,103.9189,58.0,Khí tượng thủy văn,vrain.vn (tổng hợp)
2.0,Sơn La,Trạm đo Trung tâm TP Sơn La 2,Thành phố,21.3256,103.9189,427.0,Khí tượng thủy văn,vrain.vn (tổng hợp)
3.0,Sơn La,Đài Ngoại thành Sơn La 3,Thành phố,21.3256,103.9189,219.0,Khí tượng thủy văn,vrain.vn (tổng hợp)
3.0,Tổng số trạm Sơn La:,-134,Thành phố,15.81295,106.3308,258.5,Khí tượng thủy văn,vrain.vn (tổng hợp)
1.0,TP Hồ Chí Minh,Trạm Tây TP Hồ Chí Minh 5,Thành phố,10.7757,106.7004,262.0,Khí tượng thủy văn,vrain.vn (tổng hợp)
2.0,TP Hồ Chí Minh,Trạm Vùng núi TP Hồ Chí Minh 6,Thành phố,10.7757,106.7004,230.0,Khí tượng thủy văn,vrain.vn (tổng hợp)
3.0,TP Hồ Chí Minh,Trạm khí tượng Ven biển TP Hồ Chí Minh 3,Thành phố,10.7757,106.7004,80.0,Khí tượng thủy văn,vrain.vn (tổng hợp)
4.0,TP Hồ Chí Minh,Trạm quan trắc Trung tâm TP Hồ Chí Minh 8,Thành phố,10.7757,106.7004,184.0,Khí tượng thủy văn,vrain.vn (tổng hợp)
5.0,TP Hồ Chí Minh,Trạm quan trắc Ven biển TP Hồ Chí Minh,Quận 3,10.7757,106.7004,418.0,Khí tượng thủy văn,vrain.vn (tổng hợp)
6.0,TP Hồ Chí Minh,Trạm quan trắc Đông TP Hồ Chí Minh 7,Thành phố,10.7757,106.7004,218.0,Khí tượng thủy văn,vrain.vn (tổng hợp)
7.0,TP Hồ Chí Minh,Trạm đo Ngoại thành TP Hồ Chí Minh 2,Thành phố,10.7757,106.7004,129.0,Khí tượng thủy văn,vrain.vn (tổng hợp)
8.0,TP Hồ Chí Minh,Đài Nam TP Hồ Chí Minh 4,Huyện B,10.7757,106.7004,325.0,Khí tượng thủy văn,vrain.vn (tổng hợp)
3.0,Tổng số trạm TP Hồ Chí Minh:,-132,Thành phố,15.81295,106.3308,258.5,Khí tượng thủy văn,vrain.vn (tổng hợp)
1.0,Thanh Hóa,Trạm khí tượng Nam Thanh Hóa 2,Thành phố,19.8,105.7667,253.0,Khí tượng thủy văn,vrain.vn (tổng hợp)
2.0,Thanh Hóa,Trạm khí tượng Ven biển Thanh Hóa,Thành phố,19.8,105.7667,437.0,Khí tượng thủy văn,vrain.vn (tổng hợp)
3.0,Thanh Hóa,Đài Bắc Thanh Hóa 3,Thị xã,19.8,105.7667,341.0,Khí tượng thủy văn,vrain.vn (tổng hợp)
3.0,Tổng số trạm Thanh Hóa:,-140,Thành phố,15.81295,106.3308,258.5,Khí tượng thủy văn,vrain.vn (tổng hợp)
1.0,Thái Bình,Trạm Bắc Thái Bình 5,Quận 2,20.4461,106.3366,388.0,Khí tượng thủy văn,vrain.vn (tổng hợp)
2.0,Thái Bình,Trạm Nam Thái Bình,Thành phố,20.4461,106.3366,158.0,Khí tượng thủy văn,vrain.vn (tổng hợp)
3.0,Thái Bình,Trạm Trung tâm Thái Bình 4,Thành phố,20.4461,106.3366,61.0,Khí tượng thủy văn,vrain.vn (tổng hợp)
4.0,Thái Bình,Trạm Ven biển Thái Bình 8,Thị xã,20.4461,106.3366,385.0,Khí tượng thủy văn,vrain.vn (tổng hợp)
5.0,Thái Bình,Trạm quan trắc Đông Thái Bình 3,Quận 1,20.4461,106.3366,433.0,Khí tượng thủy văn,vrain.vn (tổng hợp)
6.0,Thái Bình,Trạm đo Nam Thái Bình 6,Thành phố,20.4461,106.3366,121.0,Khí tượng thủy văn,vrain.vn (tổng hợp)
7.0,Thái Bình,Trạm đo Ven biển Thái Bình 7,Quận 2,20.4461,106.3366,468.0,Khí tượng thủy văn,vrain.vn (tổng hợp)
8.0,Thái Bình,Đài Ven biển Thái Bình 2,Quận 3,20.4461,106.3366,78.0,Khí tượng thủy văn,vrain.vn (tổng hợp)
3.0,Tổng số trạm Thái Bình:,-138,Thành phố,15.81295,106.3308,258.5,Khí tượng thủy văn,vrain.vn (tổng hợp)
1.0,Thái Nguyên,Trạm khí tượng Đông Thái Nguyên 3,Quận 3,21.5928,105.8442,51.0,Khí tượng thủy văn,vrain.vn (tổng hợp)
2.0,Thái Nguyên,Trạm quan trắc Ngoại thành Thái Nguyên,Quận 2,21.5928,105.8442,71.0,Khí tượng thủy văn,vrain.vn (tổng hợp)
3.0,Thái Nguyên,Trạm quan trắc Ngoại thành Thái Nguyên 2,Quận 2,21.5928,105.8442,221.0,Khí tượng thủy văn,vrain.vn (tổng hợp)
4.0,Thái Nguyên,Đài Nam Thái Nguyên 4,Quận 3,21.5928,105.8442,325.0,Khí tượng thủy văn,vrain.vn (tổng hợp)
5.0,Thái Nguyên,Đài Trung tâm TP Thái Nguyên 7,Huyện B,21.5928,105.8442,384.0,Khí tượng thủy văn,vrain.vn (tổng hợp)
6.0,Thái Nguyên,Đài Tây Thái Nguyên 5,Huyện A,21.5928,105.8442,48.0,Khí tượng thủy văn,vrain.vn (tổng hợp)
7.0,Thái Nguyên,Đài Vùng núi Thái Nguyên 6,Thành phố,21.5928,105.8442,322.0,Khí tượng thủy văn,vrain.vn (tổng hợp)
3.0,Tổng số trạm Thái Nguyên:,-142,Thành phố,15.81295,106.3308,258.5,Khí tượng thủy văn,vrain.vn (tổng hợp)
1.0,Thừa Thiên Huế,Trạm Nam Thừa Thiên Huế 2,Huyện A,16.4637,107.5909,263.0,Khí tượng thủy văn,vrain.vn (tổng hợp)
2.0,Thừa Thiên Huế,Trạm Đông Thừa Thiên Huế,Thị xã,16.4637,107.5909,377.0,Khí tượng thủy văn,vrain.vn (tổng hợp)
3.0,Thừa Thiên Huế,Đài Ngoại thành Thừa Thiên Huế 3,Thành phố,16.4637,107.5909,51.0,Khí tượng thủy văn,vrain.vn (tổng hợp)
3.0,Tổng số trạm Thừa Thiên Huế:,-149,Thành phố,15.81295,106.3308,258.5,Khí tượng thủy văn,vrain.vn (tổng hợp)
1.0,Tiền Giang,Trạm Bắc Tiền Giang 6,Thị xã,10.35,106.35,429.0,Khí tượng thủy văn,vrain.vn (tổng hợp)
2.0,Tiền Giang,Trạm khí tượng Ven biển Tiền Giang 3,Thành phố,10.35,106.35,83.0,Khí tượng thủy văn,vrain.vn (tổng hợp)
3.0,Tiền Giang,Trạm khí tượng Ven biển Tiền Giang 4,Thành phố,10.35,106.35,100.0,Khí tượng thủy văn,vrain.vn (tổng hợp)
4.0,Tiền Giang,Trạm quan trắc Ngoại thành Tiền Giang 5,Quận 3,10.35,106.35,386.0,Khí tượng thủy văn,vrain.vn (tổng hợp)
5.0,Tiền Giang,Đài Vùng núi Tiền Giang,Thành phố,10.35,106.35,90.0,Khí tượng thủy văn,vrain.vn (tổng hợp)
6.0,Tiền Giang,Đài Đông Tiền Giang 2,Quận 2,10.35,106.35,191.0,Khí tượng thủy văn,vrain.vn (tổng hợp)
3.0,Tổng số trạm Tiền Giang:,-149,Thành phố,15.81295,106.3308,258.5,Khí tượng thủy văn,vrain.vn (tổng hợp)
1.0,Trà Vinh,Trạm Trung tâm Trà Vinh 7,Thị xã,9.9347,106.3453,428.0,Khí tượng thủy văn,vrain.vn (tổng hợp)
2.0,Trà Vinh,Trạm khí tượng Ven biển Trà Vinh 6,Thành phố,9.9347,106.3453,273.0,Khí tượng thủy văn,vrain.vn (tổng hợp)
3.0,Trà Vinh,Trạm đo Tây Trà Vinh,Thị xã,9.9347,106.3453,290.0,Khí tượng thủy văn,vrain.vn (tổng hợp)
4.0,Trà Vinh,Đài Nam Trà Vinh 2,Thị xã,9.9347,106.3453,406.0,Khí tượng thủy văn,vrain.vn (tổng hợp)
5.0,Trà Vinh,Đài Ngoại thành Trà Vinh 5,Thành phố,9.9347,106.3453,315.0,Khí tượng thủy văn,vrain.vn (tổng hợp)
6.0,Trà Vinh,Đài Ven biển Trà Vinh 3,Thành phố,9.9347,106.3453,159.0,Khí tượng thủy văn,vrain.vn (tổng hợp)
7.0,Trà Vinh,Đài Ven biển Trà Vinh 4,Thành phố,9.9347,106.3453,213.0,Khí tượng thủy văn,vrain.vn (tổng hợp)
3.0,Tổng số trạm Trà Vinh:,-151,Thành phố,15.81295,106.3308,258.5,Khí tượng thủy văn,vrain.vn (tổng hợp)
1.0,Tuyên Quang,Trạm Ven biển Tuyên Quang 3,Thành phố,21.8181,105.2144,346.0,Khí tượng thủy văn,vrain.vn (tổng hợp)
2.0,Tuyên Quang,Trạm Vùng núi Tuyên Quang 2,Thành phố,21.8181,105.2144,372.0,Khí tượng thủy văn,vrain.vn (tổng hợp)
3.0,Tuyên Quang,Trạm khí tượng Bắc Tuyên Quang 5,Thành phố,21.8181,105.2144,203.0,Khí tượng thủy văn,vrain.vn (tổng hợp)
4.0,Tuyên Quang,Trạm quan trắc Đông Tuyên Quang 4,Huyện B,21.8181,105.2144,80.0,Khí tượng thủy văn,vrain.vn (tổng hợp)
5.0,Tuyên Quang,Trạm đo Ngoại thành Tuyên Quang 6,Quận 1,21.8181,105.2144,371.0,Khí tượng thủy văn,vrain.vn (tổng hợp)
6.0,Tuyên Quang,Đài Ven biển Tuyên Quang,Thành phố,21.8181,105.2144,322.0,Khí tượng thủy văn,vrain.vn (tổng hợp)
3.0,Tổng số trạm Tuyên Quang:,-155,Thành phố,15.81295,106.3308,258.5,Khí tượng thủy văn,vrain.vn (tổng hợp)
1.0,Tây Ninh,Trạm quan trắc Tây Tây Ninh 3,Huyện B,11.3131,106.0963,252.0,Khí tượng thủy văn,vrain.vn (tổng hợp)
2.0,Tây Ninh,Trạm đo Vùng núi Tây Ninh 4,Thành phố,11.3131,106.0963,472.0,Khí tượng thủy văn,vrain.vn (tổng hợp)
3.0,Tây Ninh,Đài Nam Tây Ninh 2,Thành phố,11.3131,106.0963,488.0,Khí tượng thủy văn,vrain.vn (tổng hợp)
4.0,Tây Ninh,Đài Vùng núi Tây Ninh,Thành phố,11.3131,106.0963,88.0,Khí tượng thủy văn,vrain.vn (tổng hợp)
3.0,Tổng số trạm Tây Ninh:,-160,Thành phố,15.81295,106.3308,258.5,Khí tượng thủy văn,vrain.vn (tổng hợp)
1.0,Vĩnh Long,Trạm Tây Vĩnh Long 5,Huyện A,10.25,105.9667,238.0,Khí tượng thủy văn,vrain.vn (tổng hợp)
2.0,Vĩnh Long,Trạm đo Ven biển Vĩnh Long,Huyện A,10.25,105.9667,355.0,Khí tượng thủy văn,vrain.vn (tổng hợp)
3.0,Vĩnh Long,Trạm đo Ven biển Vĩnh Long 3,Thành phố,10.25,105.9667,109.0,Khí tượng thủy văn,vrain.vn (tổng hợp)
4.0,Vĩnh Long,Đài Trung tâm Vĩnh Long 4,Thành phố,10.25,105.9667,218.0,Khí tượng thủy văn,vrain.vn (tổng hợp)
5.0,Vĩnh Long,Đài Vùng núi Vĩnh Long 2,Quận 1,10.25,105.9667,129.0,Khí tượng thủy văn,vrain.vn (tổng hợp)
3.0,Tổng số trạm Vĩnh Long:,-162,Thành phố,15.81295,106.3308,258.5,Khí tượng thủy văn,vrain.vn (tổng hợp)
1.0,Vĩnh Phúc,Trạm Bắc Vĩnh Phúc 3,Huyện B,21.3089,105.6044,402.0,Khí tượng thủy văn,vrain.vn (tổng hợp)
2.0,Vĩnh Phúc,Trạm khí tượng Vùng núi Vĩnh Phúc 4,Huyện B,21.3089,105.6044,331.0,Khí tượng thủy văn,vrain.vn (tổng hợp)
3.0,Vĩnh Phúc,Trạm quan trắc Vùng núi Vĩnh Phúc 5,Thành phố,21.3089,105.6044,424.0,Khí tượng thủy văn,vrain.vn (tổng hợp)
4.0,Vĩnh Phúc,Đài Tây Vĩnh Phúc,Quận 2,21.3089,105.6044,67.0,Khí tượng thủy văn,vrain.vn (tổng hợp)
5.0,Vĩnh Phúc,Đài Ven biển Vĩnh Phúc 2,Huyện A,21.3089,105.6044,289.0,Khí tượng thủy văn,vrain.vn (tổng hợp)
3.0,Tổng số trạm Vĩnh Phúc:,-165,Thành phố,15.81295,106.3308,258.5,Khí tượng thủy văn,vrain.vn (tổng hợp)
1.0,Yên Bái,Trạm đo Trung tâm TP Yên Bái 2,Quận 2,21.7,104.8667,32.0,Khí tượng thủy văn,vrain.vn (tổng hợp)
2.0,Yên Bái,Trạm đo Vùng núi Yên Bái 3,Quận 1,21.7,104.8667,390.0,Khí tượng thủy văn,vrain.vn (tổng hợp)
3.0,Yên Bái,Trạm đo Đông Yên Bái 4,Thành phố,21.7,104.8667,86.0,Khí tượng thủy văn,vrain.vn (tổng hợp)
4.0,Yên Bái,Đài Trung tâm Yên Bái,Quận 2,21.7,104.8667,91.0,Khí tượng thủy văn,vrain.vn (tổng hợp)
3.0,Tổng số trạm Yên Bái:,-169,Thành phố,15.81295,106.3308,258.5,Khí tượng thủy văn,vrain.vn (tổng hợp)
1.0,Điện Biên,Trạm Trung tâm Điện Biên 4,Thành phố,21.3833,103.0167,404.0,Khí tượng thủy văn,vrain.vn (tổng hợp)
2.0,Điện Biên,Trạm Vùng núi Điện Biên,Quận 2,21.3833,103.0167,57.0,Khí tượng thủy văn,vrain.vn (tổng hợp)
3.0,Điện Biên,Trạm quan trắc Trung tâm TP Điện Biên 5,Quận 1,21.3833,103.0167,163.0,Khí tượng thủy văn,vrain.vn (tổng hợp)
4.0,Điện Biên,Trạm đo Ngoại thành Điện Biên 3,Thị xã,21.3833,103.0167,358.0,Khí tượng thủy văn,vrain.vn (tổng hợp)
5.0,Điện Biên,Đài Đông Điện Biên 2,Thành phố,21.3833,103.0167,99.0,Khí tượng thủy văn,vrain.vn (tổng hợp)
3.0,Tổng số trạm Điện Biên:,-171,Thành phố,15.81295,106.3308,258.5,Khí tượng thủy văn,vrain.vn (tổng hợp)
1.0,Đà Nẵng,Trạm Trung tâm TP Đà Nẵng 5,Quận 3,16.0592,108.2208,108.0,Khí tượng thủy văn,vrain.vn (tổng hợp)
2.0,Đà Nẵng,Trạm Tây Đà Nẵng,Thành phố,16.0592,108.2208,9.0,Khí tượng thủy văn,vrain.vn (tổng hợp)
3.0,Đà Nẵng,Trạm khí tượng Ngoại thành Đà Nẵng 2,Huyện A,16.0592,108.2208,125.0,Khí tượng thủy văn,vrain.vn (tổng hợp)
4.0,Đà Nẵng,Trạm khí tượng Trung tâm Đà Nẵng 3,Thành phố,16.0592,108.2208,223.0,Khí tượng thủy văn,vrain.vn (tổng hợp)
5.0,Đà Nẵng,Trạm quan trắc Trung tâm TP Đà Nẵng 4,Thành phố,16.0592,108.2208,392.0,Khí tượng thủy văn,vrain.vn (tổng hợp)
3.0,Tổng số trạm Đà Nẵng:,-174,Thành phố,15.81295,106.3308,258.5,Khí tượng thủy văn,vrain.vn (tổng hợp)
1.0,Đắk Lắk,Trạm Tây Đắk Lắk 3,Thành phố,12.6662,108.0382,426.0,Khí tượng thủy văn,vrain.vn (tổng hợp)
2.0,Đắk Lắk,Trạm Ven biển Đắk Lắk,Quận 2,12.6662,108.0382,299.0,Khí tượng thủy văn,vrain.vn (tổng hợp)
3.0,Đắk Lắk,Trạm quan trắc Trung tâm TP Đắk Lắk 2,Quận 3,12.6662,108.0382,142.0,Khí tượng thủy văn,vrain.vn (tổng hợp)
3.0,Tổng số trạm Đắk Lắk:,-179,Thành phố,15.81295,106.3308,258.5,Khí tượng thủy văn,vrain.vn (tổng hợp)
1.0,Đắk Nông,Trạm Trung tâm Đắk Nông,Quận 3,12.0042,107.6907,398.0,Khí tượng thủy văn,vrain.vn (tổng hợp)
2.0,Đắk Nông,Trạm khí tượng Trung tâm TP Đắk Nông 5,Thành phố,12.0042,107.6907,5.0,Khí tượng thủy văn,vrain.vn (tổng hợp)
3.0,Đắk Nông,Trạm khí tượng Vùng núi Đắk Nông 3,Huyện A,12.0042,107.6907,305.0,Khí tượng thủy văn,vrain.vn (tổng hợp)
4.0,Đắk Nông,Trạm khí tượng Đông Đắk Nông 2,Thành phố,12.0042,107.6907,373.0,Khí tượng thủy văn,vrain.vn (tổng hợp)
5.0,Đắk Nông,Đài Bắc Đắk Nông 4,Huyện A,12.0042,107.6907,492.0,Khí tượng thủy văn,vrain.vn (tổng hợp)
3.0,Tổng số trạm Đắk Nông:,-180,Thành phố,15.81295,106.3308,258.5,Khí tượng thủy văn,vrain.vn (tổng hợp)
1.0,Đồng Nai,Trạm Tây Đồng Nai 4,Quận 3,10.9574,106.8429,33.0,Khí tượng thủy văn,vrain.vn (tổng hợp)
2.0,Đồng Nai,Trạm khí tượng Trung tâm Đồng Nai 5,Quận 2,10.9574,106.8429,146.0,Khí tượng thủy văn,vrain.vn (tổng hợp)
3.0,Đồng Nai,Trạm khí tượng Tây Đồng Nai,Thành phố,10.9574,106.8429,114.0,Khí tượng thủy văn,vrain.vn (tổng hợp)
4.0,Đồng Nai,Trạm khí tượng Đông Đồng Nai 7,Quận 3,10.9574,106.8429,6.0,Khí tượng thủy văn,vrain.vn (tổng hợp)
5.0,Đồng Nai,Trạm quan trắc Bắc Đồng Nai 6,Huyện A,10.9574,106.8429,348.0,Khí tượng thủy văn,vrain.vn (tổng hợp)
6.0,Đồng Nai,Trạm đo Ven biển Đồng Nai 2,Thị xã,10.9574,106.8429,163.0,Khí tượng thủy văn,vrain.vn (tổng hợp)
7.0,Đồng Nai,Trạm đo Đông Đồng Nai 8,Huyện B,10.9574,106.8429,276.0,Khí tượng thủy văn,vrain.vn (tổng hợp)
8.0,Đồng Nai,Đài Vùng núi Đồng Nai 3,Huyện B,10.9574,106.8429,424.0,Khí tượng thủy văn,vrain.vn (tổng hợp)
3.0,Tổng số trạm Đồng Nai:,-180,Thành phố,15.81295,106.3308,258.5,Khí tượng thủy văn,vrain.vn (tổng hợp)
1.0,Đồng Tháp,Trạm Trung tâm TP Đồng Tháp,Huyện A,10.45,105.6333,348.0,Khí tượng thủy văn,vrain.vn (tổng hợp)
2.0,Đồng Tháp,Trạm khí tượng Ngoại thành Đồng Tháp 4,Thành phố,10.45,105.6333,254.0,Khí tượng thủy văn,vrain.vn (tổng hợp)
3.0,Đồng Tháp,Trạm quan trắc Trung tâm TP Đồng Tháp 2,Huyện A,10.45,105.6333,447.0,Khí tượng thủy văn,vrain.vn (tổng hợp)
4.0,Đồng Tháp,Trạm đo Bắc Đồng Tháp 5,Thành phố,10.45,105.6333,380.0,Khí tượng thủy văn,vrain.vn (tổng hợp)
5.0,Đồng Tháp,Trạm đo Ven biển Đồng Tháp 3,Quận 2,10.45,105.6333,321.0,Khí tượng thủy văn,vrain.vn (tổng hợp)
